n,url,titulo,plataforma,cuenta,fecha,views,likes,comments,formato,transcripto
1,SIN DATO,29. Así que tú eres el vecino que no deja de comprar casas en este barrio. ¿Pero quién te crees tú que eres?,SIN DATO,SIN DATO,2026-07-26,SIN DATO,SIN DATO,SIN DATO,SIN DATO,no
2,SIN DATO,24.RR Cuanto cuesta realmente construir una casa? - IMG_0380.MOV,SIN DATO,SIN DATO,2026-07-24,SIN DATO,SIN DATO,SIN DATO,SIN DATO,no
3,SIN DATO,"27. mira, compré esta casa para remodelarla y venderla! ...... Que buena forma de perder dinero...... ¿qué? pero si estoy invirtiendo en bienes raices",SIN DATO,SIN DATO,2026-07-22,SIN DATO,SIN DATO,SIN DATO,SIN DATO,no
4,SIN DATO,25. que es mejor,SIN DATO,SIN DATO,2026-07-20,SIN DATO,SIN DATO,SIN DATO,SIN DATO,no
5,SIN DATO,27.RR Así es como los ricos usan la deuda para hacerse más ricos. - IMG_4538,SIN DATO,SIN DATO,2026-07-17,SIN DATO,SIN DATO,SIN DATO,SIN DATO,no
6,SIN DATO,22. que casa deja mas dinero ? con piscina o sin piscina ? acabados en madera o x ? con chimenea o sin chimenea?,SIN DATO,SIN DATO,2026-07-15,SIN DATO,SIN DATO,SIN DATO,SIN DATO,no
7,SIN DATO,23. buena inversion mala inversion,SIN DATO,SIN DATO,2026-07-12,SIN DATO,SIN DATO,SIN DATO,SIN DATO,no
8,SIN DATO,08.RR Pagué 276.000 por construir esta casa,SIN DATO,SIN DATO,2026-07-10,SIN DATO,SIN DATO,SIN DATO,SIN DATO,no
9,SIN DATO,21. bueno / malo / excelente con profesiones de construccion,SIN DATO,SIN DATO,2026-07-08,SIN DATO,SIN DATO,SIN DATO,SIN DATO,no
10,SIN DATO,"24. quien paga, comprador o vendedor",SIN DATO,SIN DATO,2026-07-06,SIN DATO,SIN DATO,SIN DATO,SIN DATO,no
11,SIN DATO,20. esto con modelos de inversion : flipping o buy to rent? buy to rent o x? x o y? ...,SIN DATO,SIN DATO,2026-07-05,SIN DATO,SIN DATO,SIN DATO,SIN DATO,no
12,SIN DATO,12.RR Cuales son los 5 mejores estados para invertir en EEUU - IMG_0627,SIN DATO,SIN DATO,2026-07-03,SIN DATO,SIN DATO,SIN DATO,SIN DATO,no
13,SIN DATO,19. quien gana mas ?,SIN DATO,SIN DATO,2026-07-01,SIN DATO,SIN DATO,SIN DATO,SIN DATO,no
14,SIN DATO,"18. este es el presupuesto para comprar y este para construirla, cual quieres?",SIN DATO,SIN DATO,2026-06-24,SIN DATO,SIN DATO,SIN DATO,SIN DATO,no
15,SIN DATO,17. clase media / rico / millonario,SIN DATO,SIN DATO,2026-06-22,SIN DATO,SIN DATO,SIN DATO,SIN DATO,no
16,SIN DATO,00.RR 3 Paginas para buscar terrenos,SIN DATO,SIN DATO,2026-06-19,SIN DATO,SIN DATO,SIN DATO,SIN DATO,no
17,SIN DATO,15. oye banco quiero hacer esto tu me prestas,SIN DATO,SIN DATO,2026-06-17,SIN DATO,SIN DATO,SIN DATO,SIN DATO,no
18,SIN DATO,"14. los pobres se compran el carro del año , los ricos entran en zillow",SIN DATO,SIN DATO,2026-06-15,SIN DATO,SIN DATO,SIN DATO,SIN DATO,no
19,SIN DATO,12. Si te sobran 100k,SIN DATO,SIN DATO,2026-06-14,SIN DATO,SIN DATO,SIN DATO,SIN DATO,no
20,SIN DATO,22.RR ¿Qué es mejor una casa de Madera o de concreto ¿Un - IMG_4523.MOV,SIN DATO,SIN DATO,2026-06-12,SIN DATO,SIN DATO,SIN DATO,SIN DATO,no
21,SIN DATO,"11. Oye cuánto ganas tú aquí? Oye cuanto ganas tu aqui? y tú cuanto ganas aquí? y tú cuanto ganas? (El objetivo con este vídeo es que le pregunte a cuatro personas, que una de ellas sea Ramón.",SIN DATO,SIN DATO,2026-06-10,SIN DATO,SIN DATO,SIN DATO,SIN DATO,no
22,SIN DATO,13. Cual es el peor error que puede cometer un latino en EEUU?,SIN DATO,SIN DATO,2026-06-08,SIN DATO,SIN DATO,SIN DATO,SIN DATO,no
23,SIN DATO,"17. RR (Cómo ganan dinero los constructores) Hola Banco mira, quiero comprar un terreno que cuesta 100k dolares pero yo no los tengo ¿Tú me los prestas - IMG_4526",SIN DATO,SIN DATO,2026-06-05,SIN DATO,SIN DATO,SIN DATO,SIN DATO,no
24,SIN DATO,"08. un ranking de cuanto pagan en cada profesion de la obra, tipo : electricista? - 50.000 al año, plomero ? xxxx, …. constructor ? xxxxxxxx$",SIN DATO,SIN DATO,2026-06-03,SIN DATO,SIN DATO,SIN DATO,SIN DATO,no
25,SIN DATO,"05. Así es cómo los ricos se hacen más ricos, comprando casas sin usar su dinero. (Aquí básicamente es un formato que se tiene que ver como bien grabado. No tiene por qué ser en la construcción. Se lo grabe en su casa con un buen fondo, que se vea elegante, con una mesa y que tenga unos elementos como de una casita, un muñeco, fajos de dinero y todo eso. Para poder representarlo bien como en el vídeo de referencia)",SIN DATO,SIN DATO,2026-06-01,SIN DATO,SIN DATO,SIN DATO,SIN DATO,no
26,SIN DATO,"24.RR Los pobres compran carros de año para aparentar que tienen dinero. Los ricos, - IMG_4529",SIN DATO,SIN DATO,2026-05-29,SIN DATO,SIN DATO,SIN DATO,SIN DATO,no
27,SIN DATO,10. Oye Vecino está bonita su casa nueva ¿Cuánto le costó construirla?,SIN DATO,SIN DATO,2026-05-27,SIN DATO,SIN DATO,SIN DATO,SIN DATO,no
28,SIN DATO,01. Cuánto me costó construír esta casa de aquí atrás en EEUU. ( con un papel en la mano como desglose ),SIN DATO,SIN DATO,2026-05-22,SIN DATO,SIN DATO,SIN DATO,SIN DATO,no
29,SIN DATO,09. es cierto que puedo construir casas sin dinero,SIN DATO,SIN DATO,2026-05-20,SIN DATO,SIN DATO,SIN DATO,SIN DATO,no
30,SIN DATO,"06. cuanto cuesta construir una casa en EEUU? mmmm, no quieras saberlo.",SIN DATO,SIN DATO,2026-05-18,SIN DATO,SIN DATO,SIN DATO,SIN DATO,no
31,SIN DATO,07.RR Como converti una inversion de 40Mil - IMG_8747,SIN DATO,SIN DATO,2026-05-15,SIN DATO,SIN DATO,SIN DATO,SIN DATO,no
32,SIN DATO,07. TOP 10 inversiones de REAL STATE,SIN DATO,SIN DATO,2026-05-13,SIN DATO,SIN DATO,SIN DATO,SIN DATO,no
33,SIN DATO,02. Construí esta casa por XXXX y la vendí por XXXX y este es el desglose completo,SIN DATO,SIN DATO,2026-05-11,SIN DATO,SIN DATO,SIN DATO,SIN DATO,no
34,SIN DATO,11.RR Los 5 Mejores Estados IMG_9147,SIN DATO,SIN DATO,2026-05-08,SIN DATO,SIN DATO,SIN DATO,SIN DATO,no
35,SIN DATO,"04. Compra terrenos en silencio, construye tu casa en silencio. Célebralo con tu familia en silencio y luego véndela al público, porque lo que no se puede ver no se puede joder. Como, por ejemplo, hice yo con esta vivienda: compré el terreno en tanto, la construí en tanto y la vendí en tanto.",SIN DATO,SIN DATO,2026-05-06,SIN DATO,SIN DATO,SIN DATO,SIN DATO,no
36,SIN DATO,07.RR He comprado este terreno lleno de venados y ardillas,SIN DATO,SIN DATO,2026-05-01,SIN DATO,SIN DATO,SIN DATO,SIN DATO,no
37,SIN DATO,03.RR ¿Cuánto te costó construir esta casa Adivina No sé ¿cómo 2M foxwood -IMG_7230,SIN DATO,SIN DATO,2026-04-24,SIN DATO,SIN DATO,SIN DATO,SIN DATO,no
38,SIN DATO,31. Papa porque cada dia estas en una casa distinta - IMG_0388.MOV,SIN DATO,SIN DATO,2026-04-22,SIN DATO,SIN DATO,SIN DATO,SIN DATO,no
39,SIN DATO,33. Perdona que te a costado esta casa - IMG_0390.MOV,SIN DATO,SIN DATO,2026-04-20,SIN DATO,SIN DATO,SIN DATO,SIN DATO,no
40,SIN DATO,32. Que es Mejor comprar una casa o rentarla - IMG_0389,SIN DATO,SIN DATO,2026-04-19,SIN DATO,SIN DATO,SIN DATO,SIN DATO,no
41,SIN DATO,nunca compres una casa sin antes revisar estas 3 cosas,SIN DATO,SIN DATO,2026-04-17,SIN DATO,SIN DATO,SIN DATO,SIN DATO,no
42,SIN DATO,30. Compre este terreno en $8k - IMG_0387,SIN DATO,SIN DATO,2026-04-15,SIN DATO,SIN DATO,SIN DATO,SIN DATO,no
43,SIN DATO,24. Cuanto cuesta realmente construir una casa? - IMG_0380,SIN DATO,SIN DATO,2026-04-13,SIN DATO,SIN DATO,SIN DATO,SIN DATO,no
44,SIN DATO,25. Cual es tu mejor consejo para alguien que quiere una casa,SIN DATO,SIN DATO,2026-04-12,SIN DATO,SIN DATO,SIN DATO,SIN DATO,no
45,SIN DATO,"06.RR A que te dedicas Video Jun 21 2025, 2 22 47 PM.mov",SIN DATO,SIN DATO,2026-04-10,SIN DATO,SIN DATO,SIN DATO,SIN DATO,no
46,SIN DATO,"28. Nadie queria este terreno, pero yo lo compre! - IMG_0384",SIN DATO,SIN DATO,2026-04-08,SIN DATO,SIN DATO,SIN DATO,SIN DATO,no
47,SIN DATO,26. Cuanto cuesta construir una casa?,SIN DATO,SIN DATO,2026-04-06,SIN DATO,SIN DATO,SIN DATO,SIN DATO,no
48,SIN DATO,09.RR Cuanto dinero necesito para comprar una casa. IMG_8925.MOV,SIN DATO,SIN DATO,2026-04-03,SIN DATO,SIN DATO,SIN DATO,SIN DATO,no
49,SIN DATO,29. Nunca Construyas - IMG_0386.MOV,SIN DATO,SIN DATO,2026-04-01,SIN DATO,SIN DATO,SIN DATO,SIN DATO,no
50,SIN DATO,"21. Perdona, A que te dedicas tu?",SIN DATO,SIN DATO,2026-03-30,SIN DATO,SIN DATO,SIN DATO,SIN DATO,no
51,SIN DATO,22. Construir una casa o comprarla ya hecha?,SIN DATO,SIN DATO,2026-03-29,SIN DATO,SIN DATO,SIN DATO,SIN DATO,no
52,SIN DATO,05.RR Construi esta casa con...IMG_8745.MOV,SIN DATO,SIN DATO,2026-03-27,SIN DATO,SIN DATO,SIN DATO,SIN DATO,no
53,SIN DATO,AB. Construi esta casa con un 50% de descuento IMG_4534 - IMG_4535,SIN DATO,SIN DATO,2026-03-25,SIN DATO,SIN DATO,SIN DATO,SIN DATO,no
54,SIN DATO,23. Es posible construir sin ser constructor,SIN DATO,SIN DATO,2026-03-23,SIN DATO,SIN DATO,SIN DATO,SIN DATO,no
55,SIN DATO,20. 3 Cosas super economicas que hacen que una casa se vea de lujo,SIN DATO,SIN DATO,2026-03-22,SIN DATO,SIN DATO,SIN DATO,SIN DATO,no
56,SIN DATO,"04.RR Esto pierde valor con el tiempo - Video Jun 21 2025, 2 16 02 PM",SIN DATO,SIN DATO,2026-03-20,SIN DATO,SIN DATO,SIN DATO,SIN DATO,no
57,SIN DATO,AA. De donde sale $1M de Dolares para construir una casa - IMG_4514,SIN DATO,SIN DATO,2026-03-18,SIN DATO,SIN DATO,SIN DATO,SIN DATO,no
58,SIN DATO,25.2 Ramón cuanto te costó construir esta casa Adivina (2M de dolares),SIN DATO,SIN DATO,2026-03-16,SIN DATO,SIN DATO,SIN DATO,SIN DATO,no
59,SIN DATO,25.1 Ramón cuanto te costó construir esta casa Adivina (2M de dolares) - IMG_4530,SIN DATO,SIN DATO,2026-03-15,SIN DATO,SIN DATO,SIN DATO,SIN DATO,no
60,SIN DATO,08.RR Los 5 Mejores estados para comprar una casa,SIN DATO,SIN DATO,2026-03-13,SIN DATO,SIN DATO,SIN DATO,SIN DATO,no
61,SIN DATO,27. Así es como los ricos usan la deuda para hacerse más ricos.,SIN DATO,SIN DATO,2026-03-11,SIN DATO,SIN DATO,SIN DATO,SIN DATO,no
62,SIN DATO,"24. Los pobres compran carros de año para aparentar que tienen dinero. Los ricos, - IMG_4529",SIN DATO,SIN DATO,2026-03-09,SIN DATO,SIN DATO,SIN DATO,SIN DATO,no
63,SIN DATO,16. El banco me pagó 30k dolares por construir esta casa - IMG_4521,SIN DATO,SIN DATO,2026-03-08,SIN DATO,SIN DATO,SIN DATO,SIN DATO,no
64,SIN DATO,16.RR Disculpe a qué te dedicas - IMG_7270,SIN DATO,SIN DATO,2026-03-06,SIN DATO,SIN DATO,SIN DATO,SIN DATO,no
65,SIN DATO,19. ¿con 10.000$ puedo comenzar a invertir en Bienes raices - IMG_4531,SIN DATO,SIN DATO,2026-03-04,SIN DATO,SIN DATO,SIN DATO,SIN DATO,no
66,SIN DATO,00. Estas buscando Terrenos para Comprar? - Victor,SIN DATO,SIN DATO,2026-03-02,SIN DATO,SIN DATO,SIN DATO,SIN DATO,no
67,SIN DATO,22. ¿Qué es mejor una casa de Madera o de concreto ¿Un - IMG_4523,SIN DATO,SIN DATO,2026-03-01,SIN DATO,SIN DATO,SIN DATO,SIN DATO,no
68,SIN DATO,07.RR Que es Mejor Comprar o Rentar una casa?,SIN DATO,SIN DATO,2026-02-27,SIN DATO,SIN DATO,SIN DATO,SIN DATO,no
69,SIN DATO,"17. (Cómo ganan dinero los constructores) Hola Banco mira, quiero comprar un terreno que cuesta 100k dolares pero yo no los tengo ¿Tú me los prestas - IMG_4526",SIN DATO,SIN DATO,2026-02-25,SIN DATO,SIN DATO,SIN DATO,SIN DATO,no
70,SIN DATO,"20. Ramón conviérteme 10.000k en 100,000k ¿Ahora? Pero no ves que estoy... - IMG_4517",SIN DATO,SIN DATO,2026-02-23,SIN DATO,SIN DATO,SIN DATO,SIN DATO,no
71,SIN DATO,14. Esta se paga con esta - IMG_4537,SIN DATO,SIN DATO,2026-02-22,SIN DATO,SIN DATO,SIN DATO,SIN DATO,no
72,SIN DATO,06.RR En EEUU la peor forma de comprar una casa - IMG_9148,SIN DATO,SIN DATO,2026-02-20,SIN DATO,SIN DATO,SIN DATO,SIN DATO,no
73,SIN DATO,11. Me han ofrecido 750k dolares por esta casa y a mi sólo me costó 400k construirla - IMG_4533,SIN DATO,SIN DATO,2026-02-18,SIN DATO,SIN DATO,SIN DATO,SIN DATO,no
74,SIN DATO,10. Así se ven 10k dolares. Así se ven 10k dolares y así también se ven 10k dolares - IMG_4520,SIN DATO,SIN DATO,2026-02-16,SIN DATO,SIN DATO,SIN DATO,SIN DATO,no
75,SIN DATO,07. Así constuiría mi casa ideal con un bajo presupuesto (Hacerlo con una casa de las que haya construidas) foxwood - IMG_0625,SIN DATO,SIN DATO,2026-02-15,SIN DATO,SIN DATO,SIN DATO,SIN DATO,no
76,SIN DATO,04.RR He comprado este Terreno con $50.000,SIN DATO,SIN DATO,2026-02-13,SIN DATO,SIN DATO,SIN DATO,SIN DATO,no
77,SIN DATO,12. Con Sólamente 10k dolares puedes construir la casa de tus sueños. - IMG_4527,SIN DATO,SIN DATO,2026-02-11,SIN DATO,SIN DATO,SIN DATO,SIN DATO,no
78,SIN DATO,04. Oye es cierto que los constructores de casas se ganan la mitad - IMG_4515,SIN DATO,SIN DATO,2026-02-09,SIN DATO,SIN DATO,SIN DATO,SIN DATO,no
79,SIN DATO,07. Pagué 400.000 por construir esta casa y este es el desglose completo. - IMG_4534,SIN DATO,SIN DATO,2026-02-08,SIN DATO,SIN DATO,SIN DATO,SIN DATO,no
80,SIN DATO,04.RR He comprado este Terreno con $50.000,SIN DATO,SIN DATO,2026-02-06,SIN DATO,SIN DATO,SIN DATO,SIN DATO,no
81,SIN DATO,03. ¿Qué es lo más caro de construir una casa La gente piensa que es el .... o el... pero lo más caro es... - IMG_4513,SIN DATO,SIN DATO,2026-02-04,SIN DATO,SIN DATO,SIN DATO,SIN DATO,no
82,SIN DATO,05. ¿Qué es mejor construir una casa o comprarla hecha Depende ¿De qué depende - IMG_4524,SIN DATO,SIN DATO,2026-02-02,SIN DATO,SIN DATO,SIN DATO,SIN DATO,no
83,SIN DATO,06. Pagué 700.000 por construir esta casa y este es el desglose completo. - IMG_4522,SIN DATO,SIN DATO,2026-02-01,SIN DATO,SIN DATO,SIN DATO,SIN DATO,no
84,SIN DATO,02.RR Pague $700.000 para constuir esta Mansion,SIN DATO,SIN DATO,2026-01-30,SIN DATO,SIN DATO,SIN DATO,SIN DATO,no
85,SIN DATO,09. ¿Cual es el mejor estado para comprar casa ¿Que es mejor comprar casa o alquilarla - IMG_4532,SIN DATO,SIN DATO,2026-01-28,SIN DATO,SIN DATO,SIN DATO,SIN DATO,no
86,SIN DATO,08. Pagué 276.000 por construir esta casa y este es el desglose completo. - IMG_4525,SIN DATO,SIN DATO,2026-01-26,SIN DATO,SIN DATO,SIN DATO,SIN DATO,no
87,SIN DATO,01. Disculpa ¿cuánto te costó esta casa Me costó 40k dolares - IMG_4509 - IMG_4510,SIN DATO,SIN DATO,2026-01-25,SIN DATO,SIN DATO,SIN DATO,SIN DATO,no
88,SIN DATO,03.RR Cuanto dinero te Ahorras Construyendo una casa en vez de comprarla IMG_8749.MOV,SIN DATO,SIN DATO,2026-01-23,SIN DATO,SIN DATO,SIN DATO,SIN DATO,no
89,SIN DATO,02. ¿Qué es mejor comprar una casa o alquilarla - IMG_4519,SIN DATO,SIN DATO,2026-01-21,SIN DATO,SIN DATO,SIN DATO,SIN DATO,no
90,SIN DATO,09.- ¿Cuánto te costó construir esta casa 400k ¿tan poco¿Me la enseñas - IMG_0622,SIN DATO,SIN DATO,2026-01-19,SIN DATO,SIN DATO,SIN DATO,SIN DATO,no
91,SIN DATO,01.- Antes de empezar a construir no te olvides seguir estos pasos - IMG_7269,SIN DATO,SIN DATO,2026-01-14,SIN DATO,SIN DATO,SIN DATO,SIN DATO,no
92,SIN DATO,11.- 5 Consejos para construir una casa con bajo presupuesto que se vea de lujoI - MG_7235,SIN DATO,SIN DATO,2026-01-12,SIN DATO,SIN DATO,SIN DATO,SIN DATO,no
93,SIN DATO,12.- Cuales son los 5 mejores estados para invertir en EEUU?,SIN DATO,SIN DATO,2026-01-11,SIN DATO,SIN DATO,SIN DATO,SIN DATO,no
94,SIN DATO,01.RR Que es mejor Comprar una Casa o Rentarla - IMG_8738,SIN DATO,SIN DATO,2026-01-09,SIN DATO,SIN DATO,SIN DATO,SIN DATO,no
95,SIN DATO,"17.- de dónde salen 800k para constuir una casa, y no, no es de mi bolsillo -IMG_7239",SIN DATO,SIN DATO,2026-01-07,SIN DATO,SIN DATO,SIN DATO,SIN DATO,no
96,SIN DATO,"15.- Este se paga con este (G wagon) , este pierde su valor nada más los sacas del concesionario.",SIN DATO,SIN DATO,2026-01-05,SIN DATO,SIN DATO,SIN DATO,SIN DATO,no
97,SIN DATO,13.- ¿Qué es mejor comprar una casa o rentarla ¿Tú que crees que es mejor Yo creo que comprarla porque... - IMG_7237,SIN DATO,SIN DATO,2025-12-29,SIN DATO,SIN DATO,SIN DATO,SIN DATO,no
98,SIN DATO,"06.- Si ganas +3000$ al mes, vives en EEUU, tienes 650 puntos de credio - IMG_8127",SIN DATO,SIN DATO,2025-12-26,SIN DATO,SIN DATO,SIN DATO,SIN DATO,no
99,SIN DATO,14.- Cosas de tu casa que son o de muy rico o de muy pobre. - IMG_7240,SIN DATO,SIN DATO,2025-12-23,SIN DATO,SIN DATO,SIN DATO,SIN DATO,no
100,SIN DATO,05.- Pagué 400k dolares para construir esta casa y este es el desglose completo (Con el casco y los planos) foxwood - IMG_7236,SIN DATO,SIN DATO,2025-12-11,SIN DATO,SIN DATO,SIN DATO,SIN DATO,no
101,SIN DATO,02.- Una día en la vida de un constructor de casas que gana +100.000$ al mes (Voz en off) - IMG_7232,SIN DATO,SIN DATO,2025-12-09,SIN DATO,SIN DATO,SIN DATO,SIN DATO,no
102,SIN DATO,03.- ¿Cuánto te costó construir esta casa Adivina No sé ¿cómo 2M foxwood -IMG_7230,SIN DATO,SIN DATO,2025-12-04,SIN DATO,SIN DATO,SIN DATO,SIN DATO,no
103,SIN DATO,18.- Antes de empezar a construir no te olvides seguir estos pasos - IMG_7227,SIN DATO,SIN DATO,2025-12-02,SIN DATO,SIN DATO,SIN DATO,SIN DATO,no
104,SIN DATO,08.- Me tomó 20 años aprender esto pero te lo explico en 30 segundos casa a medio construir - IMG_7228,SIN DATO,SIN DATO,2025-11-25,SIN DATO,SIN DATO,SIN DATO,SIN DATO,no
105,SIN DATO,04.- Si vas a comprar una casa asegurate de mirar bien estas 5 cosas a medio construir - IMG_7226,SIN DATO,SIN DATO,2025-11-21,SIN DATO,SIN DATO,SIN DATO,SIN DATO,no
106,SIN DATO,53. En EEUU la peor forma de comprar un carro (IMG_8903),SIN DATO,SIN DATO,2025-09-25,SIN DATO,SIN DATO,SIN DATO,SIN DATO,no
107,SIN DATO,35. voy a pagar TDC,SIN DATO,SIN DATO,2025-09-15,SIN DATO,SIN DATO,SIN DATO,SIN DATO,no
108,SIN DATO,53. En EEUU la peor forma de comprar un carro (IMG_8903),SIN DATO,SIN DATO,2025-09-15,SIN DATO,SIN DATO,SIN DATO,SIN DATO,no
109,SIN DATO,43. Bank of A o chase,SIN DATO,SIN DATO,2025-09-08,SIN DATO,SIN DATO,SIN DATO,SIN DATO,no
110,SIN DATO,44. Así se ven $10k (IMG_8923),SIN DATO,SIN DATO,2025-09-08,SIN DATO,SIN DATO,SIN DATO,SIN DATO,no
111,SIN DATO,"54. En EEUU la peor forma de comenzar un negocio (Video Jul 19 2025, 11 45 06 AM)",SIN DATO,SIN DATO,2025-08-26,SIN DATO,SIN DATO,SIN DATO,SIN DATO,no
112,SIN DATO,xc. Me han puesto colleccion IMG_8900,SIN DATO,SIN DATO,2025-08-26,SIN DATO,SIN DATO,SIN DATO,SIN DATO,no
113,SIN DATO,"58. TDC buena, mala, perfecta (IMG_8906)",SIN DATO,SIN DATO,2025-08-15,SIN DATO,SIN DATO,SIN DATO,SIN DATO,no
114,SIN DATO,34. Acabo de llegar a EEUU (IMG_8912),SIN DATO,SIN DATO,2025-08-14,SIN DATO,SIN DATO,SIN DATO,SIN DATO,no
115,SIN DATO,55. 5 Cosas que nunca debes hacer en EEUU (IMG_8913),SIN DATO,SIN DATO,2025-08-14,SIN DATO,SIN DATO,SIN DATO,SIN DATO,no
116,SIN DATO,01. Cuanto te costo comprar esta casa IMG_7567,SIN DATO,SIN DATO,SIN DATO,SIN DATO,SIN DATO,SIN DATO,SIN DATO,no
117,SIN DATO,02. Ey! Vecino cuanto te costo esas casa IMG_7568,SIN DATO,SIN DATO,SIN DATO,SIN DATO,SIN DATO,SIN DATO,SIN DATO,no
118,SIN DATO,03. Construir esta casa me costo $600 MG_7570.MOV,SIN DATO,SIN DATO,SIN DATO,SIN DATO,SIN DATO,SIN DATO,SIN DATO,no
119,SIN DATO,04. Vecino Cuanto le costo esta casa? IMG_7572,SIN DATO,SIN DATO,SIN DATO,SIN DATO,SIN DATO,SIN DATO,SIN DATO,no
120,SIN DATO,05. Alo banco conseguí un terreno IMG_7573-003,SIN DATO,SIN DATO,SIN DATO,SIN DATO,SIN DATO,SIN DATO,SIN DATO,no
121,SIN DATO,10.- Cuánto dinero te ahorras construyendo una casa en vez de comprarla! Cuando tú compras una casa construida estás pagando... casa a medio construir - IMG_7229,SIN DATO,SIN DATO,SIN DATO,SIN DATO,SIN DATO,SIN DATO,SIN DATO,no
122,SIN DATO,16.- Disculpe a qué te dedicas - IMG_7270,SIN DATO,SIN DATO,SIN DATO,SIN DATO,SIN DATO,SIN DATO,SIN DATO,no
123,SIN DATO,"20. Ramón conviérteme 10.000k en 100,000k ¿Ahora? Pero no ves que estoy... - IMG_4517",SIN DATO,SIN DATO,SIN DATO,SIN DATO,SIN DATO,SIN DATO,SIN DATO,no
124,SIN DATO,26. mejores opciones al construir,SIN DATO,SIN DATO,SIN DATO,SIN DATO,SIN DATO,SIN DATO,SIN DATO,no
125,SIN DATO,28.Comprar una casa o construirla? Qué es mejor en 2026? (hacer lo del vídeo),SIN DATO,SIN DATO,SIN DATO,SIN DATO,SIN DATO,SIN DATO,SIN DATO,no
