n,url,titulo,plataforma,cuenta,fecha,views,likes,comments,duracion_seg,formato,transcripto
001,https://www.youtube.com/watch?v=2wXl9prtQ3Y,How to Speak More Articulately Than 99% of People,youtube,UC5m9KtbXkdzxhvIYOCMGOsA,2026-07-19,25010,1929,74,1020,video-largo,no
002,https://www.youtube.com/watch?v=43zTFJTExYA,5 habits to communicate better (10 minutes a day),youtube,UC5m9KtbXkdzxhvIYOCMGOsA,2026-06-17,6745,492,19,531,video-largo,no
003,https://www.youtube.com/watch?v=SFtOf0eJaTc,7 Mistakes That Make You Look Insecure When You Speak (and how to eliminate them),youtube,UC5m9KtbXkdzxhvIYOCMGOsA,2026-06-12,6250,418,13,416,video-largo,no
004,https://www.youtube.com/watch?v=bUDQJjlEprE,Get a deeper voice in 4 minutes ( 5 exercises ),youtube,UC5m9KtbXkdzxhvIYOCMGOsA,2026-06-03,2078,145,SIN DATO,224,video-largo,no
005,https://www.youtube.com/watch?v=-MqRJko5c5U,The Secret to Getting Anyone to Like You in 5 Minutes (According to Science),youtube,UC5m9KtbXkdzxhvIYOCMGOsA,2026-05-26,4606,396,15,471,video-largo,no
006,https://www.youtube.com/watch?v=BM7zZT70hn4,12 Minutes | Are we really ready for freedom? 🇻🇪🇺🇸,youtube,UC5m9KtbXkdzxhvIYOCMGOsA,2026-03-17,886,63,11,527,video-largo,no
007,https://www.youtube.com/watch?v=HQ34A69ovAM,12 Minutes | Captain Bernardo Jurado ANALYZES the Naval Conflict in the Middle East | Current Aff...,youtube,UC5m9KtbXkdzxhvIYOCMGOsA,2026-03-12,415,18,1,1925,video-largo,no
008,https://www.youtube.com/watch?v=-SJPhKy4Hb8,Transition or Destruction? El Gocho del Wassap analyzes current geopolitics with Bernardo Jurado,youtube,UC5m9KtbXkdzxhvIYOCMGOsA,2026-03-03,324,15,2,1123,video-largo,no
009,https://www.youtube.com/watch?v=BtPBORLVV7Y,12 Minutes | Where is our society headed? ALTERED VALUES with Carlos Romero,youtube,UC5m9KtbXkdzxhvIYOCMGOsA,2026-02-24,294,12,1,1591,video-largo,no
010,https://www.youtube.com/watch?v=olgJqVeBZVE,12 MINUTES | Venezuela: The true cost of 27 years of plunder | Autopsy of a Betrayal,youtube,UC5m9KtbXkdzxhvIYOCMGOsA,2026-02-18,304,19,4,1060,video-largo,no
011,https://www.youtube.com/watch?v=0jJ9WET3vlI,12 MINUTES: The Looting of Venezuela and the Billion Dollar Route | Bernardo Jurado,youtube,UC5m9KtbXkdzxhvIYOCMGOsA,2026-02-05,530,19,8,1258,video-largo,no
012,https://www.youtube.com/watch?v=ZaNvGaswoFo,The Gocho from Wassap shows his face for the first time with Bernardo Jurado.,youtube,UC5m9KtbXkdzxhvIYOCMGOsA,2026-01-22,93033,4605,636,1052,video-largo,no
013,https://www.youtube.com/watch?v=36q-GB92vAs,"""Success, without a doubt, is something that can be studied.""",youtube,UC5m9KtbXkdzxhvIYOCMGOsA,2026-01-03,8333,456,13,3033,video-largo,no
014,https://www.youtube.com/watch?v=FJFaz4j9-Xo,"What do the blue, crystal-clear waters of the Bahamas hide?",youtube,UC5m9KtbXkdzxhvIYOCMGOsA,2025-10-23,276,10,2,251,video-largo,no
015,https://www.youtube.com/watch?v=rqM_XpsbTvo,Discover Henry Brulard's Visions of Tomorrow,youtube,UC5m9KtbXkdzxhvIYOCMGOsA,2025-10-17,108,9,1,222,video-largo,no
016,https://www.youtube.com/watch?v=CoFQXXgHygQ,Do you know why great men write books?,youtube,UC5m9KtbXkdzxhvIYOCMGOsA,2025-10-08,85,5,2,225,video-largo,no
017,https://www.youtube.com/watch?v=tkVcpcNRWZU,We have a very special promotion for you who are a writer.,youtube,UC5m9KtbXkdzxhvIYOCMGOsA,2025-10-02,62,5,SIN DATO,90,video-largo,no
018,https://www.youtube.com/watch?v=yZzqpCu1mxA,Tips to enjoy positive thoughts,youtube,UC5m9KtbXkdzxhvIYOCMGOsA,2025-09-30,126,7,2,154,video-largo,no
019,https://www.youtube.com/watch?v=I9KsD0n-ngE,Discover everything you can achieve with NLP techniques,youtube,UC5m9KtbXkdzxhvIYOCMGOsA,2025-09-26,70,4,SIN DATO,181,video-largo,no
020,https://www.youtube.com/watch?v=ccCiLxQo74k,Do you know how you can make a living from writing?,youtube,UC5m9KtbXkdzxhvIYOCMGOsA,2025-09-24,99,7,2,197,video-largo,no
021,https://www.youtube.com/watch?v=GzS_9TpMXJY,The crazy woman on the rooftop by María Eugenia Castillo,youtube,UC5m9KtbXkdzxhvIYOCMGOsA,2025-09-15,115,6,1,143,video-largo,no
022,https://www.youtube.com/watch?v=Y0OVQxdVR3M,Discover Alejo Smirnoff's 'Tales from History Forever',youtube,UC5m9KtbXkdzxhvIYOCMGOsA,2025-09-09,75,7,1,156,video-largo,no
023,https://www.youtube.com/watch?v=1gDBkteE4Mo,The Silence of Your Absence by Belkis Zoraida Tovar,youtube,UC5m9KtbXkdzxhvIYOCMGOsA,2025-09-04,122,10,3,168,video-largo,no
024,https://www.youtube.com/watch?v=Nh4Y7MJQu0Y,"Happy birthday Eddy Barrios, author of the work Marino Rumbos",youtube,UC5m9KtbXkdzxhvIYOCMGOsA,2025-08-21,145,7,1,158,video-largo,no
025,https://www.youtube.com/watch?v=B9uqjs_195I,Alfredo Jurado and the art of surrendering with dignity: Surrenders,youtube,UC5m9KtbXkdzxhvIYOCMGOsA,2025-08-15,149,4,2,212,video-largo,no
026,https://www.youtube.com/watch?v=Kb7XDJnln9E,Noel the Enchanted One – Brings Back the Magic of Christmas,youtube,UC5m9KtbXkdzxhvIYOCMGOsA,2025-08-05,182,11,1,168,video-largo,no
027,https://www.youtube.com/watch?v=zOidV6DULBk,The Nun Who Became a Soldier: The True Story Behind The Sword and the Cross,youtube,UC5m9KtbXkdzxhvIYOCMGOsA,2025-08-04,86,6,1,128,video-largo,no
028,https://www.youtube.com/watch?v=6aZKcXIq-Io,The Sword and the Cross by Zuleika Cevallos,youtube,UC5m9KtbXkdzxhvIYOCMGOsA,2025-07-15,354,18,1,148,video-largo,no
029,https://www.youtube.com/watch?v=PRhVFvKAyUo,"Chronicles of Psychological Themes, the latest book by Miguel Angel Roca Peralta",youtube,UC5m9KtbXkdzxhvIYOCMGOsA,2025-07-09,43,1,SIN DATO,150,video-largo,no
030,https://www.youtube.com/watch?v=qhH3_isszLo,Así vivimos el 6to. encuentro literario Fefi Toll,youtube,UC5m9KtbXkdzxhvIYOCMGOsA,2025-06-30,100,11,2,131,video-largo,no
031,https://www.youtube.com/watch?v=0Y_JDR3hRsU,"Carmen: entre sueños y realidades, es el tercer libro de Belkis Tovar",youtube,UC5m9KtbXkdzxhvIYOCMGOsA,2025-06-24,60,4,SIN DATO,117,video-largo,no
032,https://www.youtube.com/watch?v=-ikcMSuTBro,Esto es Jurado Grupo Editorial. Autor: Steve Bocaranda,youtube,UC5m9KtbXkdzxhvIYOCMGOsA,2025-06-17,129,5,3,195,video-largo,no
033,https://www.youtube.com/watch?v=BBEucQJwwoo,Latitud 27 el nuevo libro de Bernardo Jurado,youtube,UC5m9KtbXkdzxhvIYOCMGOsA,2025-06-16,83,4,1,74,video-largo,no
034,https://www.youtube.com/watch?v=sXEa2hn8Csk,Fallece el periodista Eduardo Sapene,youtube,UC5m9KtbXkdzxhvIYOCMGOsA,2025-06-12,218,7,2,41,video-largo,no
035,https://www.youtube.com/watch?v=9_wTVVK42IQ,"Mis antepasados, ¿De dónde vienen?: Venezuela",youtube,UC5m9KtbXkdzxhvIYOCMGOsA,2025-06-04,169,10,1,241,video-largo,no
036,https://www.youtube.com/watch?v=wUZr5w_u_eA,Descubre el libro de Addiel Brito “Las aventuras de Coqui la ardilla”,youtube,UC5m9KtbXkdzxhvIYOCMGOsA,2025-06-02,29,6,SIN DATO,97,video-largo,no
037,https://www.youtube.com/watch?v=WObMLM0WWZY,Así fue la presentación del libro “Lalitud 27” de Bernardo Jurado,youtube,UC5m9KtbXkdzxhvIYOCMGOsA,2025-05-26,157,8,1,3593,video-largo,no
038,https://www.youtube.com/watch?v=6MhzRqv0yVU,ATRÉVETE – Un libro que puede cambiarte la vida,youtube,UC5m9KtbXkdzxhvIYOCMGOsA,2025-05-19,48,3,1,123,video-largo,no
039,https://www.youtube.com/watch?v=EKWVFQ2vTlA,Descubre las 10 razones para leer Latitud 27 de Bernardo Jurado,youtube,UC5m9KtbXkdzxhvIYOCMGOsA,2025-05-02,152,8,1,74,video-largo,no
040,https://www.youtube.com/watch?v=5GONPFBLoaw,Latitud 27 la nueva novela de Bernardo Jurado,youtube,UC5m9KtbXkdzxhvIYOCMGOsA,2025-04-19,190,7,SIN DATO,208,video-largo,no
041,https://www.youtube.com/watch?v=39Ftr-AOPBM,Q.E.P.D Mario Vargas Llosa,youtube,UC5m9KtbXkdzxhvIYOCMGOsA,2025-04-14,61,2,SIN DATO,101,video-largo,no
042,https://www.youtube.com/watch?v=113QzA-7nUk,"El líder humanista 4.0, un libro que todo el mundo debería leer",youtube,UC5m9KtbXkdzxhvIYOCMGOsA,2025-03-25,134,8,2,171,video-largo,no
043,https://www.youtube.com/watch?v=TaSlm2hyUfY,"Personas trans en las Fuerzas Armadas, ¿Si o No?",youtube,UC5m9KtbXkdzxhvIYOCMGOsA,2025-03-20,347,18,4,678,video-largo,no
044,https://www.youtube.com/watch?v=klxnyT9jQBw,¡Los escritores deben estar locos!,youtube,UC5m9KtbXkdzxhvIYOCMGOsA,2025-03-12,139,10,1,150,video-largo,no
045,https://www.youtube.com/watch?v=TLEdLdPZ1HA,La Monarquía Americana es el nuevo libro de la escritora Olga González,youtube,UC5m9KtbXkdzxhvIYOCMGOsA,2025-03-06,132,7,SIN DATO,109,video-largo,no
046,https://www.youtube.com/watch?v=0vvh4mLhIOY,‘Luces entre dos siglos’ es el nuevo libro de Belkis Zoraida Tovar,youtube,UC5m9KtbXkdzxhvIYOCMGOsA,2025-02-26,175,8,1,169,video-largo,no
047,https://www.youtube.com/watch?v=mYk5xGub_Cw,"Si quieres convertirte en escritor, escríbenos ya!",youtube,UC5m9KtbXkdzxhvIYOCMGOsA,2025-02-19,99,4,1,212,video-largo,no
048,https://www.youtube.com/watch?v=JWfKNEhD6Eo,“Gatos” Primer libro de la saga “El Gato” de Rosario Solares,youtube,UC5m9KtbXkdzxhvIYOCMGOsA,2025-02-13,121,9,2,78,video-largo,no
049,https://www.youtube.com/watch?v=7V9dOv6cDCo,Nuevo libro ‘El Big Bang: Espacio - Tiempo - Nosotros’,youtube,UC5m9KtbXkdzxhvIYOCMGOsA,2025-01-15,90,4,1,130,video-largo,no
050,https://www.youtube.com/watch?v=JDnZjtkU5YI,Interview on the Ernesto Morales News channel about possible scenarios in Venezuela,youtube,UC5m9KtbXkdzxhvIYOCMGOsA,2025-01-10,1139,13,13,672,entrevista,no
051,https://www.youtube.com/watch?v=IRRWoRwbYe4,Una advertencia a los militares venezolanos,youtube,UC5m9KtbXkdzxhvIYOCMGOsA,2025-01-08,2257,46,10,217,video-largo,no
052,https://www.youtube.com/watch?v=0tLm_KUWgq4,Semanas cruciales para el futuro de Venezuela,youtube,UC5m9KtbXkdzxhvIYOCMGOsA,2025-01-06,2035,49,9,412,video-largo,no
053,https://www.youtube.com/watch?v=ErlRs5KLL5o,Meditation to Overcome Stage Fright by Jurado Grupo Editorial,youtube,UC5m9KtbXkdzxhvIYOCMGOsA,2024-12-17,193,9,5,663,video-largo,no
054,https://www.youtube.com/watch?v=IcZfcet3KdY,Nuevo libro: ‘20 lecciones para un político’,youtube,UC5m9KtbXkdzxhvIYOCMGOsA,2024-12-12,31,3,SIN DATO,188,video-largo,no
055,https://www.youtube.com/watch?v=A9ZtVFEnXkY,"Descubre ‘La vida es un show’, el libro de Guido Sueldo",youtube,UC5m9KtbXkdzxhvIYOCMGOsA,2024-12-11,61,6,SIN DATO,117,video-largo,no
056,https://www.youtube.com/watch?v=-4MVy_bIjro,"Nuevo libro: Cuba, requerimientos financieros para el tránsito a una economía de mercado",youtube,UC5m9KtbXkdzxhvIYOCMGOsA,2024-12-06,276,11,4,139,video-largo,no
057,https://www.youtube.com/watch?v=81K2CPjFAjU,Jurado Grupo Editorial ha ganado este importante premio!,youtube,UC5m9KtbXkdzxhvIYOCMGOsA,2024-12-02,366,9,6,166,video-largo,no
058,https://www.youtube.com/watch?v=HKgQWxHi_aE,Crónicas de temas psicológicos: Persiguiendo el bienestar,youtube,UC5m9KtbXkdzxhvIYOCMGOsA,2024-11-07,90,4,SIN DATO,176,video-largo,no
059,https://www.youtube.com/watch?v=lURIIo-MTu0,"¿Eres un escritor huérfano de editorial?,  ¡Tengo algo que decirte!",youtube,UC5m9KtbXkdzxhvIYOCMGOsA,2024-11-01,214,8,3,103,video-largo,no
060,https://www.youtube.com/watch?v=XnMcXEM04BQ,Descubre nuestro nuevo libro ‘El vidente’ del escritor Carlos Lomena,youtube,UC5m9KtbXkdzxhvIYOCMGOsA,2024-10-29,222,8,SIN DATO,177,video-largo,no
061,https://www.youtube.com/watch?v=t7Ybye5ACLE,Descubre las aventuras de la novela “Enigma en Roroima” del escritor José Manuel Ramírez,youtube,UC5m9KtbXkdzxhvIYOCMGOsA,2024-10-23,133,14,3,114,video-largo,no
062,https://www.youtube.com/watch?v=kLWhL7S2PlA,"Este mensaje es para ti, Venezolano!",youtube,UC5m9KtbXkdzxhvIYOCMGOsA,2024-10-15,2251,82,15,612,video-largo,no
063,https://www.youtube.com/watch?v=Jvoj00qWxFU,For Venezuelans who are losing faith. This is it until the end!,youtube,UC5m9KtbXkdzxhvIYOCMGOsA,2024-10-14,2513,36,4,347,video-largo,no
064,https://www.youtube.com/watch?v=efxktaINktE,Análisis del momento actual de Venezuela,youtube,UC5m9KtbXkdzxhvIYOCMGOsA,2024-08-23,23431,445,85,748,video-largo,no
065,https://www.youtube.com/watch?v=6lyP1F60FbQ,Los Divinos Montes de José Manuel Ramírez,youtube,UC5m9KtbXkdzxhvIYOCMGOsA,2024-08-12,73,8,2,141,video-largo,no
066,https://www.youtube.com/watch?v=R3CPbZvJEwo,NUEVO LIBRO: Los Divinos Montes,youtube,UC5m9KtbXkdzxhvIYOCMGOsA,2024-08-02,119,5,2,116,video-largo,no
067,https://www.youtube.com/watch?v=22w7FE_G3v8,Descubre la más reciente entrevista del Gocho del wassap.,youtube,UC5m9KtbXkdzxhvIYOCMGOsA,2024-07-17,372,23,2,829,entrevista,no
068,https://www.youtube.com/watch?v=a6bjfWIiInc,Conoce las similitudes entre el Régimen Cubano y los Nazis?,youtube,UC5m9KtbXkdzxhvIYOCMGOsA,2024-07-16,532,14,3,95,video-largo,no
069,https://www.youtube.com/watch?v=PN-6oBxb5rc,¿Quieres publicar tu libro? Te traemos esta Promoción especial para escritores,youtube,UC5m9KtbXkdzxhvIYOCMGOsA,2024-07-08,62,3,SIN DATO,114,video-largo,no
070,https://www.youtube.com/watch?v=2BU8saLNJcg,"‘Yo, el marino’ el nuevo libro de Germán Rodríguez Citraro",youtube,UC5m9KtbXkdzxhvIYOCMGOsA,2024-07-04,375,14,1,101,video-largo,no
071,https://www.youtube.com/watch?v=f34fSnK2mzQ,Liderazgo parental el nuevo libro de Marisol Montiel Cristalino,youtube,UC5m9KtbXkdzxhvIYOCMGOsA,2024-07-03,284,15,4,203,video-largo,no
072,https://www.youtube.com/watch?v=m4r3wJgEqOg,SATO y la puerta trasera de las ASIC,youtube,UC5m9KtbXkdzxhvIYOCMGOsA,2024-06-29,186,17,2,141,video-largo,no
073,https://www.youtube.com/watch?v=5cIJjNQo1bs,‘El estilo es el hombre’ y la oratoria es tan personal como las huellas digitales,youtube,UC5m9KtbXkdzxhvIYOCMGOsA,2024-06-13,165,9,SIN DATO,161,video-largo,no
074,https://www.youtube.com/watch?v=HV-isGklUfU,EMPOWOMAN de Carlos Castillo y Claudia Rosales Modenessi,youtube,UC5m9KtbXkdzxhvIYOCMGOsA,2024-06-03,73,6,SIN DATO,154,video-largo,no
075,https://www.youtube.com/watch?v=BGFhflwyqQw,"Memorial Day, un día especial",youtube,UC5m9KtbXkdzxhvIYOCMGOsA,2024-05-28,62,4,SIN DATO,256,video-largo,no
076,https://www.youtube.com/watch?v=RBoC1Z6Y6L8,"¿Sabes lo que es el ‘Enfoque 12’?, descúbrelo en el libro IV palabras de Bernardo Jurado",youtube,UC5m9KtbXkdzxhvIYOCMGOsA,2024-05-22,174,9,1,84,video-largo,no
077,https://www.youtube.com/watch?v=sdHJaweXja4,5 razones por las que debes leer ‘Cuba y Costa Rica: Lazos y Destinos’,youtube,UC5m9KtbXkdzxhvIYOCMGOsA,2024-05-21,133,4,SIN DATO,89,video-largo,no
078,https://www.youtube.com/watch?v=JiYEYveA5CM,‘El obstáculo de la realidad’ del escritor Julio Chacón Hernández,youtube,UC5m9KtbXkdzxhvIYOCMGOsA,2024-05-20,247,5,SIN DATO,88,video-largo,no
079,https://www.youtube.com/watch?v=4e5SJ35JnyI,¡NUEVO LIBRO! Cuba y Costa Rica: Lazos y Destinos,youtube,UC5m9KtbXkdzxhvIYOCMGOsA,2024-05-15,79,4,1,157,video-largo,no
080,https://www.youtube.com/watch?v=IqFBDkoWYHI,Cuentos de la historia para hoy,youtube,UC5m9KtbXkdzxhvIYOCMGOsA,2024-05-14,44,3,SIN DATO,124,video-largo,no
081,https://www.youtube.com/watch?v=9l8P18sD4M0,Un libro útil para la emigración: Memorias de un inmigrante Canario,youtube,UC5m9KtbXkdzxhvIYOCMGOsA,2024-05-08,127,6,1,155,video-largo,no
082,https://www.youtube.com/watch?v=Eh3l28wjKws,Hoy te presentamos el nuevo libro de Ángela Cruz de Quintero: El transcurrir de una vida,youtube,UC5m9KtbXkdzxhvIYOCMGOsA,2024-05-07,285,16,3,126,video-largo,no
083,https://www.youtube.com/watch?v=71mfjkr8MjU,Descubre el infalible método CCL que Carlos Castillo nos revela en su libro “De jefe a líder”,youtube,UC5m9KtbXkdzxhvIYOCMGOsA,2024-05-03,88,5,SIN DATO,68,video-largo,no
084,https://www.youtube.com/watch?v=csKZ8MXZv5s,Nuevo libro!!: The Bridge de Angel Rodríguez,youtube,UC5m9KtbXkdzxhvIYOCMGOsA,2024-04-30,124,6,SIN DATO,125,video-largo,no
085,https://www.youtube.com/watch?v=XABrWq-Wur0,¿Existe el libro que te ayude a ser una persona más culta? Te lo digo en el video!,youtube,UC5m9KtbXkdzxhvIYOCMGOsA,2024-04-25,32,2,SIN DATO,62,video-largo,no
086,https://www.youtube.com/watch?v=fIQ48B7pErY,"Conoce a Alejo Smirnoff, creador de la obra “Cuentos de la historia para hoy”",youtube,UC5m9KtbXkdzxhvIYOCMGOsA,2024-04-15,55,3,SIN DATO,178,video-largo,no
087,https://www.youtube.com/watch?v=sQZpy6aRoeo,Pecados capitales que atentan contra el riñón,youtube,UC5m9KtbXkdzxhvIYOCMGOsA,2024-04-10,151,5,SIN DATO,93,video-largo,no
088,https://www.youtube.com/watch?v=PKSy3yCae4k,"Hipersexualidad, entre el infierno y el paraíso",youtube,UC5m9KtbXkdzxhvIYOCMGOsA,2024-04-10,182,6,SIN DATO,125,video-largo,no
089,https://www.youtube.com/watch?v=DZ0kVhPfyi4,Anécdotas y consejos de salud renal del libro “De mi riñón aprendí”,youtube,UC5m9KtbXkdzxhvIYOCMGOsA,2024-04-03,87,6,SIN DATO,170,video-largo,no
090,https://www.youtube.com/watch?v=uVA-d1Ea11A,La interesante historia de la crisis de los misiles de 1962 del escritor Anniel Brito,youtube,UC5m9KtbXkdzxhvIYOCMGOsA,2024-03-29,133,6,SIN DATO,133,video-largo,no
091,https://www.youtube.com/watch?v=n7klzx1BWJs,De mi riñón aprendí de la Dra. Doris López,youtube,UC5m9KtbXkdzxhvIYOCMGOsA,2024-03-27,157,13,4,131,video-largo,no
092,https://www.youtube.com/watch?v=99Dr09psxLI,“Era la rueda de un cañón”… así comienza el relato de Ramón Páez en su autobiografía que debes leer!,youtube,UC5m9KtbXkdzxhvIYOCMGOsA,2024-03-21,153,14,4,244,video-largo,no
093,https://www.youtube.com/watch?v=zPZpwt95MxQ,Historias de este fantástico libro de Alejo Smirnoff,youtube,UC5m9KtbXkdzxhvIYOCMGOsA,2024-03-16,64,8,1,339,video-largo,no
094,https://www.youtube.com/watch?v=UVyBJjoHJL4,Cuando Cupido llega en pandemia de Geritza Urdaneta,youtube,UC5m9KtbXkdzxhvIYOCMGOsA,2024-03-15,145,6,SIN DATO,76,video-largo,no
095,https://www.youtube.com/watch?v=x3LQYia9Uek,5 razones para leer “Pregúntale a tu alma” de Oli Vieira,youtube,UC5m9KtbXkdzxhvIYOCMGOsA,2024-03-13,179,12,1,118,video-largo,no
096,https://www.youtube.com/watch?v=8y_zI3j56HU,5 de marzo de 2024,youtube,UC5m9KtbXkdzxhvIYOCMGOsA,2024-03-05,145,5,2,180,video-largo,no
097,https://www.youtube.com/watch?v=PW7pJAl6-8c,"Nuevo libro: Cancer, mi puerta al renacer espiritual",youtube,UC5m9KtbXkdzxhvIYOCMGOsA,2024-02-23,56,3,1,102,video-largo,no
098,https://www.youtube.com/watch?v=YUneoJcdlPA,Cuentos de la historia para hoy: El espantapájaros de Toulose,youtube,UC5m9KtbXkdzxhvIYOCMGOsA,2024-02-16,53,4,SIN DATO,97,video-largo,no
099,https://www.youtube.com/watch?v=FIanoPUgXL4,"De Jefe a Líder, de Carlos Castillo",youtube,UC5m9KtbXkdzxhvIYOCMGOsA,2024-02-13,63,3,SIN DATO,101,video-largo,no
100,https://www.youtube.com/watch?v=rHjVpVaoGwE,Descubre cuál será el libro que cambiará tu vida,youtube,UC5m9KtbXkdzxhvIYOCMGOsA,2024-02-06,255,10,1,233,video-largo,no
101,https://www.youtube.com/watch?v=TPFJ3MYVMRU,El éxito con Bernardo Jurado,youtube,UC5m9KtbXkdzxhvIYOCMGOsA,2024-02-02,154,9,1,195,video-largo,no
102,https://www.youtube.com/watch?v=dRruTxSC_LM,Disfruta del resumen de la presentación de “Cuentos de la historia para hoy” de Alejo Smirnoff,youtube,UC5m9KtbXkdzxhvIYOCMGOsA,2024-02-01,14,2,SIN DATO,237,video-largo,no
103,https://www.youtube.com/watch?v=m8yt4m2BX-8,"Si cambias tu forma de pensar, puedes cambiar absolutamente todo tu mundo… ¿Qué te parece?",youtube,UC5m9KtbXkdzxhvIYOCMGOsA,2024-02-01,61,6,1,138,video-largo,no
104,https://www.youtube.com/watch?v=SqG9Pie5DrE,¿Ya conoces nuestras asesorías personales en Oratoria?,youtube,UC5m9KtbXkdzxhvIYOCMGOsA,2024-01-22,32,4,SIN DATO,64,video-largo,no
105,https://www.youtube.com/watch?v=pT24BHuPy-A,Aléjate de la excusa y actúa!,youtube,UC5m9KtbXkdzxhvIYOCMGOsA,2024-01-09,66,10,1,223,video-largo,no
106,https://www.youtube.com/watch?v=g2khH1qigVw,Descubre este interesante libro: Cuentos de la historia para hoy de Alejo Smirnoff,youtube,UC5m9KtbXkdzxhvIYOCMGOsA,2024-01-04,80,5,SIN DATO,119,video-largo,no
107,https://www.youtube.com/watch?v=cN4RZeDYqbU,La fuerza del grupo,youtube,UC5m9KtbXkdzxhvIYOCMGOsA,2023-12-26,59,3,SIN DATO,262,video-largo,no
108,https://www.youtube.com/watch?v=d1P-hxe7gM4,La última trinchera: Los libros,youtube,UC5m9KtbXkdzxhvIYOCMGOsA,2023-12-19,151,10,4,263,video-largo,no
109,https://www.youtube.com/watch?v=INojEB3jgOY,These are the services we offer at Jurado Grupo Editorial,youtube,UC5m9KtbXkdzxhvIYOCMGOsA,2023-12-14,736,22,2,105,video-largo,no
110,https://www.youtube.com/watch?v=vJrx9jLIjlU,Eres el dueño de tu mente,youtube,UC5m9KtbXkdzxhvIYOCMGOsA,2023-12-08,315,12,1,256,video-largo,no
111,https://www.youtube.com/watch?v=XvOhGCbKLEA,Estos son algunos de los escritores de Jurado Grupo Editorial,youtube,UC5m9KtbXkdzxhvIYOCMGOsA,2023-12-05,244,5,1,58,video-largo,no
112,https://www.youtube.com/watch?v=6TAMi1IZs-Y,"Rusia, Cuba y Estados Unidos, 1962: La crisis de los misiles. El nuevo libro de Aniel Brito",youtube,UC5m9KtbXkdzxhvIYOCMGOsA,2023-11-10,111,11,SIN DATO,133,video-largo,no
113,https://www.youtube.com/watch?v=tkh8_90HNNQ,Soy un baby boomer cubano es el nuevo libro del escritor Armando Roig que tienes que leer!,youtube,UC5m9KtbXkdzxhvIYOCMGOsA,2023-10-25,181,7,SIN DATO,180,video-largo,no
114,https://www.youtube.com/watch?v=VW387O5OhCQ,5 razones por las que deberías leer el poemario “Claudicaciones” de Alfredo Bernardo Jurado,youtube,UC5m9KtbXkdzxhvIYOCMGOsA,2023-10-19,89,7,1,108,video-largo,no
115,https://www.youtube.com/watch?v=TUkm_Rrr6f4,"La loca de la azotea, el libro de la escritora María Eugenia Castillo",youtube,UC5m9KtbXkdzxhvIYOCMGOsA,2023-10-17,394,17,1,240,video-largo,no
116,https://www.youtube.com/watch?v=rb7iY3rOAdI,¿Has notado el cambio de valores a nivel global? Entonces este libro es para ti: Valores alterados,youtube,UC5m9KtbXkdzxhvIYOCMGOsA,2023-10-16,148,6,SIN DATO,89,video-largo,no
117,https://www.youtube.com/watch?v=IAHt3XXYQhc,Bienvenido al Club de Jurado Grupo Editorial,youtube,UC5m9KtbXkdzxhvIYOCMGOsA,2023-10-05,262,18,1,135,video-largo,no
118,https://www.youtube.com/watch?v=cSYGrE5Wrfk,¿Ya has visto nuestra nueva página web? | www.juradogrupoeditorial.com,youtube,UC5m9KtbXkdzxhvIYOCMGOsA,2023-10-03,209,9,3,137,video-largo,no
119,https://www.youtube.com/watch?v=KVaQrEARkUc,El reto se lleva por dentro es un libro motivador escrito por Mónica Acosta de Ludert,youtube,UC5m9KtbXkdzxhvIYOCMGOsA,2023-09-27,148,7,1,155,video-largo,no
120,https://www.youtube.com/watch?v=451a-SyxNmk,El reto se lleva por dentro es el nuevo libro de Monica Acosta de Ludert,youtube,UC5m9KtbXkdzxhvIYOCMGOsA,2023-09-14,83,7,SIN DATO,195,video-largo,no
121,https://www.youtube.com/watch?v=eMmtR6sMKQs,💥¡Nuevo libro! Claudicaciones de Alfredo Bernardo Jurado,youtube,UC5m9KtbXkdzxhvIYOCMGOsA,2023-08-31,287,12,6,113,video-largo,no
122,https://www.youtube.com/watch?v=XZez-xjEW_o,Nuevo servicio de traducción para tu libro,youtube,UC5m9KtbXkdzxhvIYOCMGOsA,2023-08-29,120,4,1,64,video-largo,no
123,https://www.youtube.com/watch?v=UZVe0ADNdJc,Nuevo espacio del libro Cuatro Palabras 💕💕,youtube,UC5m9KtbXkdzxhvIYOCMGOsA,2023-08-23,79,3,2,153,video-largo,no
124,https://www.youtube.com/watch?v=EQgYVWlOSgQ,Discover the Public Speaking Manual by Bernardo Jurado Toro,youtube,UC5m9KtbXkdzxhvIYOCMGOsA,2023-08-16,601,21,2,309,video-largo,no
125,https://www.youtube.com/watch?v=YaP-MTXPaNw,Listo para el despegue de Jorge Vargas Ordoñez,youtube,UC5m9KtbXkdzxhvIYOCMGOsA,2023-08-14,104,5,SIN DATO,145,video-largo,no
126,https://www.youtube.com/watch?v=sKo3Ri0_hXM,¿Conoces los entrenamientos que hemos preparado para ti?,youtube,UC5m9KtbXkdzxhvIYOCMGOsA,2023-08-08,134,6,1,131,video-largo,no
127,https://www.youtube.com/watch?v=rMVo17YAQHU,"Comisario Henry López Sisco, futuro nuevo escritor de Jurado Grupo Editorial",youtube,UC5m9KtbXkdzxhvIYOCMGOsA,2023-08-03,3994,99,7,200,video-largo,no
128,https://www.youtube.com/watch?v=iOzDHKUci6c,"Odiar es humano, perdonar es divino de la escritora Ada Rinaudo. Tú, ¿odias o perdonas?",youtube,UC5m9KtbXkdzxhvIYOCMGOsA,2023-08-01,99,3,SIN DATO,144,video-largo,no
129,https://www.youtube.com/watch?v=f4yOyZ3b698,La inteligencia artificial aplicada al mundo editorial,youtube,UC5m9KtbXkdzxhvIYOCMGOsA,2023-07-19,111,6,1,163,video-largo,no
130,https://www.youtube.com/watch?v=rtiWlbS8PYk,Descubre las 5 razones para leer Valores Alterados del propio autor Carlos Romero Ortega,youtube,UC5m9KtbXkdzxhvIYOCMGOsA,2023-07-17,149,13,11,203,video-largo,no
131,https://www.youtube.com/watch?v=T5iAIB33I5g,"Valores alterados, un libro que tú y tus hijos debe leer. La nueva obra de Carlos Romero Ortega",youtube,UC5m9KtbXkdzxhvIYOCMGOsA,2023-07-12,419,22,26,274,video-largo,no
132,https://www.youtube.com/watch?v=49U7T-VxN5k,Así fue la presentación en Panamá del libro “Listo para el despegue” de Jorge Vargas,youtube,UC5m9KtbXkdzxhvIYOCMGOsA,2023-07-05,163,8,1,147,video-largo,no
133,https://www.youtube.com/watch?v=QuBN5StGX9Y,Presentación del libro “Juanita”,youtube,UC5m9KtbXkdzxhvIYOCMGOsA,2023-07-03,114,4,1,130,video-largo,no
134,https://www.youtube.com/watch?v=uaMt5p7mR7c,"El perdón terapéutico de Teresa Gamero, un libro que no debes dejar de leer",youtube,UC5m9KtbXkdzxhvIYOCMGOsA,2023-06-29,191,6,1,116,video-largo,no
135,https://www.youtube.com/watch?v=kbt-cGLipRg,Los rompedores de sueños,youtube,UC5m9KtbXkdzxhvIYOCMGOsA,2023-06-22,219,11,3,263,video-largo,no
136,https://www.youtube.com/watch?v=f2C6vqeY_Rg,Descubre la segunda edición de La Fragancia de la Rebelión de Bernardo Jurado,youtube,UC5m9KtbXkdzxhvIYOCMGOsA,2023-06-14,85,4,SIN DATO,141,video-largo,no
137,https://www.youtube.com/watch?v=84UaCF7VUNA,"Listo para el despegue, el apasionante libro de Jorge Vargas Ordóñez",youtube,UC5m9KtbXkdzxhvIYOCMGOsA,2023-06-05,138,10,2,131,video-largo,no
138,https://www.youtube.com/watch?v=9_rB1a-41Pk,¿Quieres dominar los mercados de inversiones? SPY Trader es tu mejor opción para lograrlo!,youtube,UC5m9KtbXkdzxhvIYOCMGOsA,2023-05-22,60,11,SIN DATO,137,video-largo,no
139,https://www.youtube.com/watch?v=Upc_b5MCZQk,"Estas son las interesantes obras de la escritora Dolores Suyama, ¿Las quieres conocer?",youtube,UC5m9KtbXkdzxhvIYOCMGOsA,2023-05-16,137,13,8,369,video-largo,no
140,https://www.youtube.com/watch?v=G8psV0cpApU,"Approach 12, one of the interesting chapters of the book “Four Words” by Bernardo Jurado",youtube,UC5m9KtbXkdzxhvIYOCMGOsA,2023-05-10,1469,59,2,209,video-largo,no
141,https://www.youtube.com/watch?v=T44lpG6HDCE,"“Acertijos de la muerte”, el último libro de la exitosa trilogía Verano Mundial F de Mark Ledher",youtube,UC5m9KtbXkdzxhvIYOCMGOsA,2023-05-03,49,4,SIN DATO,128,video-largo,no
142,https://www.youtube.com/watch?v=8FoVekYF7Hk,"Juanita, el libro de Andry Palacio",youtube,UC5m9KtbXkdzxhvIYOCMGOsA,2023-05-01,52,6,SIN DATO,119,video-largo,no
143,https://www.youtube.com/watch?v=nDI7XP-TJD8,Descubre por qué debes leer “Los regalos de la muerte” de Katiuska Carmona Madrid,youtube,UC5m9KtbXkdzxhvIYOCMGOsA,2023-04-28,193,19,SIN DATO,123,video-largo,no
144,https://www.youtube.com/watch?v=wMmWSAM2tPk,Algunas de las obras de Germán Rodríguez Citraro,youtube,UC5m9KtbXkdzxhvIYOCMGOsA,2023-04-26,124,4,SIN DATO,300,video-largo,no
145,https://www.youtube.com/watch?v=uLzkbmCrZe0,¿Problemas para manejar el dinero? Debes leer Más = Menos de Iván Vásquez Táriba,youtube,UC5m9KtbXkdzxhvIYOCMGOsA,2023-04-19,65,7,SIN DATO,163,video-largo,no
146,https://www.youtube.com/watch?v=GGhSfIYoVRs,"Eduardo Sapene habla del libro Michu, vivir con un ángel",youtube,UC5m9KtbXkdzxhvIYOCMGOsA,2023-04-14,187,8,1,93,video-largo,no
147,https://www.youtube.com/watch?v=ySjrzMJvz0I,Ariany Calles tiene nuevo libro: “Querido yo”,youtube,UC5m9KtbXkdzxhvIYOCMGOsA,2023-04-11,56,8,SIN DATO,157,video-largo,no
148,https://www.youtube.com/watch?v=e4TRFeU5YKU,“Cuatro palabras” la nueva obra de Bernardo Jurado.,youtube,UC5m9KtbXkdzxhvIYOCMGOsA,2023-04-08,143,10,2,181,video-largo,no
149,https://www.youtube.com/watch?v=gV8hZXTP4QQ,¿Por qué escoger Il Forno Ristorante en El Doral?,youtube,UC5m9KtbXkdzxhvIYOCMGOsA,2023-04-04,231,4,SIN DATO,148,video-largo,no
150,https://www.youtube.com/watch?v=ZBGtsE0dsP8,Descubre todo lo que encontrarás “Al pasar la puerta” de Iván Vásquez Táriba,youtube,UC5m9KtbXkdzxhvIYOCMGOsA,2023-04-02,95,7,SIN DATO,158,video-largo,no
151,https://www.youtube.com/watch?v=8Qy2lxeALb0,"Armaduras: Yo soy, elnuevo libro de Maira Perez",youtube,UC5m9KtbXkdzxhvIYOCMGOsA,2023-03-20,57,5,1,112,video-largo,no
152,https://www.youtube.com/watch?v=7GQF3yjGhTU,"Sara, la súper bomba nuclear es el segundo libro de la trilogía “Verano mundial F” de Mark Ledher",youtube,UC5m9KtbXkdzxhvIYOCMGOsA,2023-03-15,49,8,SIN DATO,80,video-largo,no
153,https://www.youtube.com/watch?v=Mwm14eD4_8E,370 ¿Norte o Sur? es un misterio de la aviación moderna y ahora cuenta con documental en Netflix,youtube,UC5m9KtbXkdzxhvIYOCMGOsA,2023-03-08,180,7,SIN DATO,178,video-largo,no
154,https://www.youtube.com/watch?v=8mxhoFVXFK4,Una verdad que tenía que ser contada: La historia secreta de Jesús Aveledo,youtube,UC5m9KtbXkdzxhvIYOCMGOsA,2023-03-03,195,5,1,104,video-largo,no
155,https://www.youtube.com/watch?v=vZFnkfY6qPk,El nuevo libro de Leopoldo Brandt: Reinventándose tu Noé interior,youtube,UC5m9KtbXkdzxhvIYOCMGOsA,2023-02-24,85,9,SIN DATO,104,video-largo,no
156,https://www.youtube.com/watch?v=yzEW2ntisAs,"Presentación del libro 'Michu, vivir con un ángel' en la Urbe University",youtube,UC5m9KtbXkdzxhvIYOCMGOsA,2023-02-20,73,4,1,1510,video-largo,no
157,https://www.youtube.com/watch?v=vnfYAxADq78,"Sara, la superbomba nuclear es el segundo libro de la trilogía ""Verano Mundial F"" de Mark Ledher",youtube,UC5m9KtbXkdzxhvIYOCMGOsA,2023-02-17,38,4,SIN DATO,233,video-largo,no
158,https://www.youtube.com/watch?v=sGHEVbj7Neg,"Michu, vivir con un ángel.  Un libro de Fina y Eduardo Sapene",youtube,UC5m9KtbXkdzxhvIYOCMGOsA,2023-02-10,276,6,1,701,video-largo,no
159,https://www.youtube.com/watch?v=Dyqc45krvsc,What is success? How do I achieve it? Steve Bocaranda with Dr. Doris Jurado,youtube,UC5m9KtbXkdzxhvIYOCMGOsA,2023-02-07,160,5,1,3574,video-largo,no
160,https://www.youtube.com/watch?v=ib3xDPLqs28,"Michelle Sapene,  vivir con un ángel",youtube,UC5m9KtbXkdzxhvIYOCMGOsA,2023-01-30,718,18,2,209,video-largo,no
161,https://www.youtube.com/watch?v=oedT9KmCwWg,"Espejismo de Cuentos a Oscuras, escrito por Rosario Solares",youtube,UC5m9KtbXkdzxhvIYOCMGOsA,2023-01-27,121,6,SIN DATO,181,video-largo,no
162,https://www.youtube.com/watch?v=8Q1115aHWqY,"Sara, la superbomba nuclear es el nuevo libro de la trilogía ""Verano Mundial F"" de Mark Ledher",youtube,UC5m9KtbXkdzxhvIYOCMGOsA,2023-01-26,44,5,SIN DATO,122,video-largo,no
163,https://www.youtube.com/watch?v=eEjI1jFo4hY,Invitación al brindis de presentación de La Ola Interior del escritor Rey Suárez,youtube,UC5m9KtbXkdzxhvIYOCMGOsA,2023-01-24,55,6,SIN DATO,95,video-largo,no
164,https://www.youtube.com/watch?v=NFy9olipk1A,Las cuatro palabras que cambian la historia,youtube,UC5m9KtbXkdzxhvIYOCMGOsA,2023-01-18,225,14,5,251,video-largo,no
165,https://www.youtube.com/watch?v=rrfT7utC4HI,Reflexiones sobre la Venezuela actual. Enero 2023,youtube,UC5m9KtbXkdzxhvIYOCMGOsA,2023-01-09,208,14,SIN DATO,225,video-largo,no
166,https://www.youtube.com/watch?v=v5QbvAflaR4,"Escritores fantasmas, ¿Sabes qué son? aquí te lo contamos",youtube,UC5m9KtbXkdzxhvIYOCMGOsA,2022-12-27,697,22,2,227,video-largo,no
167,https://www.youtube.com/watch?v=Csmj3n5WoLU,La herencia de un buen Comandante en la mar,youtube,UC5m9KtbXkdzxhvIYOCMGOsA,2022-12-19,755,25,1,337,video-largo,no
168,https://www.youtube.com/watch?v=uOkDWSVHoxE,Análisis de las relaciones entre EE.UU y Venezuela en el programa A Fondo de AméricaTeve,youtube,UC5m9KtbXkdzxhvIYOCMGOsA,2022-12-13,216,11,SIN DATO,1241,entrevista,no
169,https://www.youtube.com/watch?v=nFrcf6j982o,Las noticias más recientes en el ámbito político internacional analizadas por el Gocho del wassap,youtube,UC5m9KtbXkdzxhvIYOCMGOsA,2022-12-08,195,24,SIN DATO,1627,video-largo,no
170,https://www.youtube.com/watch?v=3xAE6Zq-Zdg,"12 Steps to Success, Bernardo Jurado on Venezolanismos with Steve Bocaranda",youtube,UC5m9KtbXkdzxhvIYOCMGOsA,2022-12-07,1913,91,5,3243,video-largo,no
171,https://www.youtube.com/watch?v=xDQpWXNpRZ8,Exclusive phone interview with @gocho.oficial sharing interesting scoops,youtube,UC5m9KtbXkdzxhvIYOCMGOsA,2022-12-04,2322,91,14,1894,entrevista,no
172,https://www.youtube.com/watch?v=J3zX717Zmho,"La asesina, breve historia de la vida real",youtube,UC5m9KtbXkdzxhvIYOCMGOsA,2022-11-30,52,4,SIN DATO,276,video-largo,no
173,https://www.youtube.com/watch?v=FMHNkr3-wJc,Entrevista con el escritor Rey Suárez @coachreysuarez autor de la obra La ola interior,youtube,UC5m9KtbXkdzxhvIYOCMGOsA,2022-11-29,58,3,SIN DATO,1491,entrevista,no
174,https://www.youtube.com/watch?v=sfk3X-tzY3Q,"¿Sabes cuál es la mejor inversión de tu tiempo y tu dinero?, en este video te lo contamos",youtube,UC5m9KtbXkdzxhvIYOCMGOsA,2022-11-23,40,3,SIN DATO,317,video-largo,no
175,https://www.youtube.com/watch?v=6h4fmw1rzn4,"Marino rumbos, una obra que debe formar parte de tus libros de cabecera",youtube,UC5m9KtbXkdzxhvIYOCMGOsA,2022-11-18,50,3,SIN DATO,237,video-largo,no
176,https://www.youtube.com/watch?v=ARU7QVVJyLY,"De todos los talentos del hombre, ninguno es tan importante como el de la oratoria - W. Churchill",youtube,UC5m9KtbXkdzxhvIYOCMGOsA,2022-11-10,187,10,4,315,video-largo,no
177,https://www.youtube.com/watch?v=6N81ldox6Fw,"Relatos que encontrarás en el libro ""Te voy a salvar"" de Bernardo Jurado",youtube,UC5m9KtbXkdzxhvIYOCMGOsA,2022-11-07,55,9,2,279,video-largo,no
178,https://www.youtube.com/watch?v=D9B8TRhXaeA,"Una historia fascinante basada en hechos reales que aún hoy continúa vigente, 370 ¿Norte o Sur?",youtube,UC5m9KtbXkdzxhvIYOCMGOsA,2022-11-01,43,3,SIN DATO,191,video-largo,no
179,https://www.youtube.com/watch?v=q15Pz1YyStQ,El caso de Yaxury Solórzano y la Beatificación del Dr. José Gregorio Hernández,youtube,UC5m9KtbXkdzxhvIYOCMGOsA,2022-10-27,455,13,1,310,video-largo,no
180,https://www.youtube.com/watch?v=GhkXoBxnrwA,"El obstáculo de la realidad, la clave para superar las barreras que nos alejan de la felicidad",youtube,UC5m9KtbXkdzxhvIYOCMGOsA,2022-10-25,55,3,SIN DATO,124,video-largo,no
181,https://www.youtube.com/watch?v=wa1IlXapMS4,"Divinos, luego humanos un libro que habla de ti, habla de todos",youtube,UC5m9KtbXkdzxhvIYOCMGOsA,2022-10-24,95,7,3,244,video-largo,no
182,https://www.youtube.com/watch?v=Co2jtqw4-GE,"Verano Mundial F, una novela que no te puedes perder",youtube,UC5m9KtbXkdzxhvIYOCMGOsA,2022-10-21,67,5,SIN DATO,152,video-largo,no
183,https://www.youtube.com/watch?v=X4nVCBS0whE,"""La novela de Academus"" de Bernardo Jurado Toro, ya está disponible en Amazon!",youtube,UC5m9KtbXkdzxhvIYOCMGOsA,2022-10-11,90,6,SIN DATO,165,video-largo,no
184,https://www.youtube.com/watch?v=dDADUL8PFT4,78 years since pilot Hans Wunderlich crashed on a battlefield in Denmark,youtube,UC5m9KtbXkdzxhvIYOCMGOsA,2022-10-10,175,10,SIN DATO,545,video-largo,no
185,https://www.youtube.com/watch?v=phoyiaIqIqg,Manual de oratoria para aprender a hablar en público efectivamente,youtube,UC5m9KtbXkdzxhvIYOCMGOsA,2022-10-06,86,8,1,132,video-largo,no
186,https://www.youtube.com/watch?v=cORQDv4B6FY,"Entrevista al Dr. Carlos Delgado, Cardiólogo, a propósito del Día Mundial del Corazón",youtube,UC5m9KtbXkdzxhvIYOCMGOsA,2022-09-30,152,8,SIN DATO,1954,entrevista,no
187,https://www.youtube.com/watch?v=f1WeixOlM_U,Ahora también desarrollamos aplicaciones para su negocio,youtube,UC5m9KtbXkdzxhvIYOCMGOsA,2022-09-27,20,5,1,113,video-largo,no
188,https://www.youtube.com/watch?v=zfzvVpfTm_8,Verano Mundial F una novela de ficción que te enganchará desde el primer capítulo de Mark Ledher,youtube,UC5m9KtbXkdzxhvIYOCMGOsA,2022-09-21,32,4,SIN DATO,163,video-largo,no
189,https://www.youtube.com/watch?v=bSLrxUP7p8k,La Unidad de Eventos Corporativos es tu mejor aliada,youtube,UC5m9KtbXkdzxhvIYOCMGOsA,2022-09-20,29,3,SIN DATO,71,video-largo,no
190,https://www.youtube.com/watch?v=IkGdJxCkqEY,Participación de Bernardo Jurado en el Festival Cine y Arte Argentino-Latino,youtube,UC5m9KtbXkdzxhvIYOCMGOsA,2022-09-14,49,8,1,382,video-largo,no
191,https://www.youtube.com/watch?v=vmuQVaxaI2A,5 razones para leer: Volando en el ataúd y Te voy a salvar del escritor  Bernardo Jurado,youtube,UC5m9KtbXkdzxhvIYOCMGOsA,2022-09-07,35,8,1,182,video-largo,no
192,https://www.youtube.com/watch?v=A_J7C5jWd1w,"5 razones para leer ""Apuntes para líderes"" explicado por su propio autor Ignacio Parra",youtube,UC5m9KtbXkdzxhvIYOCMGOsA,2022-09-02,56,5,1,152,video-largo,no
193,https://www.youtube.com/watch?v=Tabcanj3EYU,"¿Necesitas publicidad para tu producto o servicio?, ¡podemos ayudarte!",youtube,UC5m9KtbXkdzxhvIYOCMGOsA,2022-09-01,48,7,1,161,video-largo,no
194,https://www.youtube.com/watch?v=q2D-fLuOsrw,"Una agradable conversación con el Dr. José Antonio Cisneros sobre su libro ""Parejas""",youtube,UC5m9KtbXkdzxhvIYOCMGOsA,2022-08-29,57,9,1,1344,entrevista,no
195,https://www.youtube.com/watch?v=BurblSzjHVE,"Verano mundial F, una novela de ficción que está muy cerca de ser real... descubre por qué?",youtube,UC5m9KtbXkdzxhvIYOCMGOsA,2022-08-23,54,5,SIN DATO,92,video-largo,no
196,https://www.youtube.com/watch?v=azqEWOQgIro,"370 ¿Norte o Sur?, una novela basada en misteriosos hechos reales que aún no han sido resueltos",youtube,UC5m9KtbXkdzxhvIYOCMGOsA,2022-08-17,32,7,SIN DATO,171,video-largo,no
197,https://www.youtube.com/watch?v=ChrozOzw7Rk,"¿No eres escritor de Jurado Grupo Editorial?, de todas formas hacemos la publicidad de tu libro!",youtube,UC5m9KtbXkdzxhvIYOCMGOsA,2022-08-16,108,6,SIN DATO,1560,video-largo,no
198,https://www.youtube.com/watch?v=Fa7xoW-G7X4,Descubre lo que nadie te cuenta sobre cómo puedes escribir un ensayo de éxito,youtube,UC5m9KtbXkdzxhvIYOCMGOsA,2022-08-10,107,10,2,3423,video-largo,no
199,https://www.youtube.com/watch?v=iP_8d3W1XhA,Manual de oratoria: una obra que no te puedes perder,youtube,UC5m9KtbXkdzxhvIYOCMGOsA,2022-08-08,84,8,SIN DATO,120,video-largo,no
200,https://www.youtube.com/watch?v=lKetV5gx-wQ,"Descubre 5 razones para leer ""Cuentos incontables"" de la boca de su escritora Rosario Solares",youtube,UC5m9KtbXkdzxhvIYOCMGOsA,2022-08-04,42,6,SIN DATO,111,video-largo,no
201,https://www.youtube.com/watch?v=Y6IwvQ4NkVw,Nueva entrevista al famoso escritor y creador de matrices de opinión política: El gocho del wasapp,youtube,UC5m9KtbXkdzxhvIYOCMGOsA,2022-08-02,801,23,SIN DATO,1184,entrevista,no
202,https://www.youtube.com/watch?v=0uv-k6lm0g8,"Esta interesante novela de ficción tiene además un nombre evocador ""Verano mundial F"" de Mark Ledher",youtube,UC5m9KtbXkdzxhvIYOCMGOsA,2022-07-29,64,5,SIN DATO,131,video-largo,no
203,https://www.youtube.com/watch?v=UlDR6er1JLQ,Envejecer es uno de los hechos ineluctables de la vida,youtube,UC5m9KtbXkdzxhvIYOCMGOsA,2022-07-27,33,6,SIN DATO,71,video-largo,no
204,https://www.youtube.com/watch?v=1uvWbpvKpXQ,"Orgullosos de haber estado presentes en la presentación del libro ""La seducción de Neptuno""",youtube,UC5m9KtbXkdzxhvIYOCMGOsA,2022-07-26,46,5,SIN DATO,72,video-largo,no
205,https://www.youtube.com/watch?v=CWdMsdIHLsw,¿Necesitas una app para tu empresa? podemos ayudarte a hacerla realidad,youtube,UC5m9KtbXkdzxhvIYOCMGOsA,2022-07-20,96,5,SIN DATO,232,video-largo,no
206,https://www.youtube.com/watch?v=Gj5bkAj_fKM,Los escritores de Jurado Grupo Editorial presentan sus interesantes obras,youtube,UC5m9KtbXkdzxhvIYOCMGOsA,2022-07-14,230,21,1,146,video-largo,no
207,https://www.youtube.com/watch?v=VqJgiDUEjHM,5 razones para leer: La historia secreta de Jesús Aveledo,youtube,UC5m9KtbXkdzxhvIYOCMGOsA,2022-07-13,73,5,SIN DATO,57,video-largo,no
208,https://www.youtube.com/watch?v=IC111JRztPQ,Uno de los grandes inventos de la humanidad: El libro,youtube,UC5m9KtbXkdzxhvIYOCMGOsA,2022-07-11,60,11,SIN DATO,39,video-largo,no
209,https://www.youtube.com/watch?v=IL0kwOrEsPQ,Estos son algunos de los fantásticos escritores de Jurado Grupo Editorial,youtube,UC5m9KtbXkdzxhvIYOCMGOsA,2022-07-10,309,16,4,227,video-largo,no
210,https://www.youtube.com/watch?v=R-aHimQA8qQ,Nuevas alianzas con la Black Tower Gallery del Design District de Miami para nuestros escritores,youtube,UC5m9KtbXkdzxhvIYOCMGOsA,2022-07-07,54,4,1,88,video-largo,no
211,https://www.youtube.com/watch?v=4k0oTsjGQK4,"""De Pérez Jiménez a Chávez"" una obra excepcional escrita por el Comisario Atahualpa Montes",youtube,UC5m9KtbXkdzxhvIYOCMGOsA,2022-06-29,102,11,SIN DATO,118,video-largo,no
212,https://www.youtube.com/watch?v=0cuTsgpd92A,Conoce al emblemático escritor Jorge Luis Borges,youtube,UC5m9KtbXkdzxhvIYOCMGOsA,2022-06-26,77,4,SIN DATO,160,video-largo,no
213,https://www.youtube.com/watch?v=8wocHw3sFO8,"Ya está disponible la 2° edición del libro ""Marino rumbos"" del escritor Eddy Barrios",youtube,UC5m9KtbXkdzxhvIYOCMGOsA,2022-06-22,77,7,SIN DATO,112,video-largo,no
214,https://www.youtube.com/watch?v=xBMc_Vhy9gA,El amor siniestro del Jorobado de Notre Dame,youtube,UC5m9KtbXkdzxhvIYOCMGOsA,2022-06-20,30,5,SIN DATO,80,video-largo,no
215,https://www.youtube.com/watch?v=FINl8d_1CHU,"Taller de liderazgo, atención al cliente y motivación para empresas",youtube,UC5m9KtbXkdzxhvIYOCMGOsA,2022-06-08,85,11,SIN DATO,103,video-largo,no
216,https://www.youtube.com/watch?v=q9WvwpX26Kk,"Descubre la interesante obra ""El libro de los eternos"" de Héctor Avilán",youtube,UC5m9KtbXkdzxhvIYOCMGOsA,2022-06-07,89,8,SIN DATO,130,video-largo,no
217,https://www.youtube.com/watch?v=i2XaxwbK5qs,El estudio de las huellas dactilares tiene su origen en Argentina,youtube,UC5m9KtbXkdzxhvIYOCMGOsA,2022-06-04,143,12,SIN DATO,58,video-largo,no
218,https://www.youtube.com/watch?v=_QF8kxU9nKs,"Agatha Christie, curiosidades y anécdotas",youtube,UC5m9KtbXkdzxhvIYOCMGOsA,2022-05-30,75,7,SIN DATO,58,video-largo,no
219,https://www.youtube.com/watch?v=hAUrF23QBxM,¿Eres escritor? Descubre los servicios que podemos ofrecerte,youtube,UC5m9KtbXkdzxhvIYOCMGOsA,2022-05-26,113,8,1,112,video-largo,no
220,https://www.youtube.com/watch?v=AgRACbNtPLc,Cien años de soledad en Netflix,youtube,UC5m9KtbXkdzxhvIYOCMGOsA,2022-05-24,296,10,2,72,video-largo,no
221,https://www.youtube.com/watch?v=zvdGTDq1Djs,"Jurado Grupo Editorial presenta: ""La historia secreta"" de Jesús Aveledo",youtube,UC5m9KtbXkdzxhvIYOCMGOsA,2022-05-23,194,11,SIN DATO,236,video-largo,no
222,https://www.youtube.com/watch?v=z81vkN316eE,"Book presentation: ""Te voy a salvar"" by Bernardo Jurado",youtube,UC5m9KtbXkdzxhvIYOCMGOsA,2022-05-19,48,6,SIN DATO,3107,video-largo,no
223,https://www.youtube.com/watch?v=KcE-l3RLxV8,60 segundos con JGE: Murasaki Shikibu,youtube,UC5m9KtbXkdzxhvIYOCMGOsA,2022-05-18,42,6,SIN DATO,66,video-largo,no
224,https://www.youtube.com/watch?v=LU6hPISqZY0,"""El libro de los eternos"" de Héctor Avilán, una novela que no te puedes perder",youtube,UC5m9KtbXkdzxhvIYOCMGOsA,2022-05-05,115,11,SIN DATO,115,video-largo,no
225,https://www.youtube.com/watch?v=GKoa7n1w1JY,El Gran Gatsby: 60 segundos con Jurado Grupo Editorial,youtube,UC5m9KtbXkdzxhvIYOCMGOsA,2022-05-03,67,8,SIN DATO,61,video-largo,no
226,https://www.youtube.com/watch?v=8lTBspGigzY,Entrevista a Bernardo Jurado en el programa Foro 17 de Alexis Ortiz,youtube,UC5m9KtbXkdzxhvIYOCMGOsA,2022-05-02,144,10,3,1648,entrevista,no
227,https://www.youtube.com/watch?v=yYaAdR12XB0,"5 razones para leer ""Controlar las emociones"" de May De La Vega",youtube,UC5m9KtbXkdzxhvIYOCMGOsA,2022-04-27,50,10,SIN DATO,91,video-largo,no
228,https://www.youtube.com/watch?v=8ujwq98vZmU,"60 segundos: ""Lolita"" de Vladimir Nabokov",youtube,UC5m9KtbXkdzxhvIYOCMGOsA,2022-04-25,50,9,SIN DATO,58,video-largo,no
229,https://www.youtube.com/watch?v=Zs-qv-bCSbo,¿Sabes quién es el propietario del libro más corto del mundo?,youtube,UC5m9KtbXkdzxhvIYOCMGOsA,2022-04-19,75,6,SIN DATO,61,video-largo,no
230,https://www.youtube.com/watch?v=d_YZyI7U0u8,"""Te voy a salvar"" el nuevo libro de Bernardo Jurado, no deja indiferente a nadie",youtube,UC5m9KtbXkdzxhvIYOCMGOsA,2022-04-13,94,8,2,305,video-largo,no
231,https://www.youtube.com/watch?v=Fbe9MRjtktA,"El escritor Héctor Avilán nos cuenta en qué se inspiró para escribir ""El libro de los eternos""",youtube,UC5m9KtbXkdzxhvIYOCMGOsA,2022-04-11,77,11,SIN DATO,178,video-largo,no
232,https://www.youtube.com/watch?v=wAYzgAiIyWE,"¿Conoces el mundo corporativo?. Descubre las 5 razones para leer ""La estrategia de los intangibles""",youtube,UC5m9KtbXkdzxhvIYOCMGOsA,2022-04-05,74,6,SIN DATO,126,video-largo,no
233,https://www.youtube.com/watch?v=I-AkKKoPYG4,Conversación entre El Gocho del Wassap y Bernardo Jurado,youtube,UC5m9KtbXkdzxhvIYOCMGOsA,2022-03-28,337,21,1,342,entrevista,no
234,https://www.youtube.com/watch?v=iVdzYL9EfKg,Asesorías individuales y grupales para aprender a hablar en público,youtube,UC5m9KtbXkdzxhvIYOCMGOsA,2022-03-26,45,4,SIN DATO,132,video-largo,no
235,https://www.youtube.com/watch?v=BSREfCwjYm4,"Doña Barbarie, un libro de referencia en la historia contemporánea de Venezuela",youtube,UC5m9KtbXkdzxhvIYOCMGOsA,2022-03-17,110,7,SIN DATO,113,video-largo,no
236,https://www.youtube.com/watch?v=evVkztt_KoM,Descubre la 5 razones para leer El libro de los eternos,youtube,UC5m9KtbXkdzxhvIYOCMGOsA,2022-03-14,77,11,SIN DATO,87,video-largo,no
237,https://www.youtube.com/watch?v=fwFi0otWMoE,¡Celebramos tu día! Feliz día de la mujer trabajadora,youtube,UC5m9KtbXkdzxhvIYOCMGOsA,2022-03-08,76,8,SIN DATO,127,video-largo,no
238,https://www.youtube.com/watch?v=lmKG8z4uQ2o,"Los libros sobre el divorcio generalmente tratan de cómo evitarlos, este libro no es cómo todos...",youtube,UC5m9KtbXkdzxhvIYOCMGOsA,2022-03-01,50,5,SIN DATO,104,video-largo,no
239,https://www.youtube.com/watch?v=Ckl2_zEEwuI,"""La ola interior"" un libro que querrás leer una y otra vez",youtube,UC5m9KtbXkdzxhvIYOCMGOsA,2022-02-25,47,2,1,102,video-largo,no
240,https://www.youtube.com/watch?v=k561sq0-5DE,"Vida, memoria y camino el nuevo libro de Roger López Boyer",youtube,UC5m9KtbXkdzxhvIYOCMGOsA,2022-02-16,45,2,SIN DATO,72,video-largo,no
241,https://www.youtube.com/watch?v=-wQn3BSA2pk,¿Qué razones puede llevar a un médico a escribir un libro como este?,youtube,UC5m9KtbXkdzxhvIYOCMGOsA,2022-02-15,52,3,SIN DATO,111,video-largo,no
242,https://www.youtube.com/watch?v=h4NUd223-kQ,"Acompáñanos a descubrir ""Los secretos de una comunicación eficaz""",youtube,UC5m9KtbXkdzxhvIYOCMGOsA,2022-02-08,75,6,1,209,video-largo,no
243,https://www.youtube.com/watch?v=xbpqnP3dZ0E,Para este San Valentín te traemos una fabulosa recomendación: Atrapada por las redes,youtube,UC5m9KtbXkdzxhvIYOCMGOsA,2022-02-03,68,11,1,119,video-largo,no
244,https://www.youtube.com/watch?v=MDjP2qZfPNQ,"Olvidarte me costó setecientas treinta lunas, un libro que tienes que leer!",youtube,UC5m9KtbXkdzxhvIYOCMGOsA,2022-01-31,532,13,1,67,video-largo,no
245,https://www.youtube.com/watch?v=P5kODrFLJDE,¿Por qué tienes que leer el libro De Jefe a Líder?,youtube,UC5m9KtbXkdzxhvIYOCMGOsA,2022-01-28,138,6,SIN DATO,37,video-largo,no
246,https://www.youtube.com/watch?v=8J9eMl5nRDk,"Vblog de la interesante novela 370, ¿Norte o Sur?",youtube,UC5m9KtbXkdzxhvIYOCMGOsA,2022-01-24,89,5,SIN DATO,203,video-largo,no
247,https://www.youtube.com/watch?v=sw-gxhyWD10,Alianza estratégica en Ciudad de México entre Jurado Grupo Editorial y Ravago Services,youtube,UC5m9KtbXkdzxhvIYOCMGOsA,2022-01-20,44,4,SIN DATO,22,video-largo,no
248,https://www.youtube.com/watch?v=MBVJBsD3nFg,Tip fácil para grabar videos,youtube,UC5m9KtbXkdzxhvIYOCMGOsA,2022-01-19,123,15,3,61,video-largo,no
249,https://www.youtube.com/watch?v=3V7_K56h-SE,Palabras de la escritora May De La Vega sobre su libro Atrapada por la redes,youtube,UC5m9KtbXkdzxhvIYOCMGOsA,2022-01-18,60,5,SIN DATO,175,video-largo,no
250,https://www.youtube.com/watch?v=rjhlf2JWJ_8,¡Feliz cumpleaños Bernardo!,youtube,UC5m9KtbXkdzxhvIYOCMGOsA,2022-01-16,75,8,5,92,video-largo,no
251,https://www.youtube.com/watch?v=V4Gli8-4MQo,"5 razones para leer el libro ""Vida, memoria y camino"" de Roger López Boyer",youtube,UC5m9KtbXkdzxhvIYOCMGOsA,2022-01-14,63,6,SIN DATO,78,video-largo,no
252,https://www.youtube.com/watch?v=hVR2fKkGRWg,"""Un lugar de la mancha"", nuestra nueva librería asociada en Ciudad de México",youtube,UC5m9KtbXkdzxhvIYOCMGOsA,2022-01-12,88,7,1,98,video-largo,no
253,https://www.youtube.com/watch?v=Sy-PPCyGlb0,"Los hijos de la Revolución, una obra espectacular de Marina Hernández Jurado",youtube,UC5m9KtbXkdzxhvIYOCMGOsA,2022-01-11,209,10,2,114,video-largo,no
254,https://www.youtube.com/watch?v=cOZ4eZHnJ0s,Abriendo negocios en México para nuestros escritores,youtube,UC5m9KtbXkdzxhvIYOCMGOsA,2022-01-10,30,7,1,87,video-largo,no
255,https://www.youtube.com/watch?v=r0p6owvp00s,¿Alguna vez has estado en el cielo?,youtube,UC5m9KtbXkdzxhvIYOCMGOsA,2022-01-07,79,10,5,38,video-largo,no
256,https://www.youtube.com/watch?v=2H4n3SurYv0,"Cafebrería El Péndulo, nuevo socio de Jurado Grupo Editorial",youtube,UC5m9KtbXkdzxhvIYOCMGOsA,2022-01-06,93,10,1,59,video-largo,no
257,https://www.youtube.com/watch?v=VJz2zKuLyMo,Cómo saqué el Pasaporte venezolano en Ciudad de México,youtube,UC5m9KtbXkdzxhvIYOCMGOsA,2022-01-04,342,13,6,138,video-largo,no
258,https://www.youtube.com/watch?v=Jm1GieGe-Ro,Nuevos servicios y oportunidades para nuestros escritores,youtube,UC5m9KtbXkdzxhvIYOCMGOsA,2022-01-03,45,6,1,83,video-largo,no
259,https://www.youtube.com/watch?v=I5UR5I8ZwNw,"Mensaje desde la librería ""En un lugar de la mancha"" en Ciudad de México",youtube,UC5m9KtbXkdzxhvIYOCMGOsA,2022-01-02,39,5,1,78,video-largo,no
260,https://www.youtube.com/watch?v=nYoihve1FmA,Saludo Navideño de Jurado Grupo Editorial,youtube,UC5m9KtbXkdzxhvIYOCMGOsA,2021-12-24,104,10,3,252,video-largo,no
261,https://www.youtube.com/watch?v=nX6vgTrTkik,Un mensaje del Gocho del Wassap para ti,youtube,UC5m9KtbXkdzxhvIYOCMGOsA,2021-12-22,8841,605,23,123,video-largo,no
262,https://www.youtube.com/watch?v=1vM5oOXGtFU,Un libro recomendado como regalo para esta Navidad,youtube,UC5m9KtbXkdzxhvIYOCMGOsA,2021-12-17,34,1,SIN DATO,72,video-largo,no
263,https://www.youtube.com/watch?v=aT65Z9eVE_g,"Presentación del libro ""Cuentos incontables"" de Rosario Solares",youtube,UC5m9KtbXkdzxhvIYOCMGOsA,2021-12-16,47,5,SIN DATO,1059,video-largo,no
264,https://www.youtube.com/watch?v=zssN4d6gaZE,"""Atrapada por las redes"" es un libro que deberíamos leer todos!",youtube,UC5m9KtbXkdzxhvIYOCMGOsA,2021-12-13,84,9,1,363,video-largo,no
265,https://www.youtube.com/watch?v=ytM5z8wwF98,Hoy jueves de #tbt recordamos nuestra participación en la Miami Book Fair 2021,youtube,UC5m9KtbXkdzxhvIYOCMGOsA,2021-12-09,69,9,1,671,video-largo,no
266,https://www.youtube.com/watch?v=lRVrTlLVZ9I,"Hay al menos 5 razones por las cuales debes leer el libro "" La ola interior"" y aquí te las contamos",youtube,UC5m9KtbXkdzxhvIYOCMGOsA,2021-12-07,33,9,2,74,video-largo,no
267,https://www.youtube.com/watch?v=ioCpOF-qcrM,"5 razones por las que debes leer el libro ""La rebelión de las regiones somos todos""",youtube,UC5m9KtbXkdzxhvIYOCMGOsA,2021-12-02,194,10,2,85,video-largo,no
268,https://www.youtube.com/watch?v=SEM3JadRvDU,Descubre a la polifacética artista Rosario Solares en esta encantadora entrevista,youtube,UC5m9KtbXkdzxhvIYOCMGOsA,2021-11-26,91,9,1,435,entrevista,no
269,https://www.youtube.com/watch?v=m0CBM2aHlw4,¿Cómo publicar mi libro con Jurado Grupo Editorial?,youtube,UC5m9KtbXkdzxhvIYOCMGOsA,2021-11-24,182,10,1,3666,video-largo,no
270,https://www.youtube.com/watch?v=OfiuGWMtKmA,Y a ti ¿Quién te quiso mal? de Ariany Calles,youtube,UC5m9KtbXkdzxhvIYOCMGOsA,2021-11-19,16,3,SIN DATO,909,video-largo,no
271,https://www.youtube.com/watch?v=yfVXBk_5Hz0,"La escritora Karla Da Silva recibe hoy en sus manos su primer libro, conoce sus impresiones 🤩",youtube,UC5m9KtbXkdzxhvIYOCMGOsA,2021-11-18,93,6,4,485,video-largo,no
272,https://www.youtube.com/watch?v=U-7kPU8taXw,Ya estamos preparándonos con las obras literarias editadas por Jurado Grupo Editorial.,youtube,UC5m9KtbXkdzxhvIYOCMGOsA,2021-11-16,145,4,1,243,video-largo,no
273,https://www.youtube.com/watch?v=GR8opfvSJcc,Hablamos de las interesantes obras de la escritora Rosario Solares,youtube,UC5m9KtbXkdzxhvIYOCMGOsA,2021-11-15,52,4,1,203,video-largo,no
274,https://www.youtube.com/watch?v=cY0n3X8ofe4,¡Regresa la Feria del Libro a Miami y nosotros estaremos presentes!,youtube,UC5m9KtbXkdzxhvIYOCMGOsA,2021-11-13,35,7,1,37,video-largo,no
275,https://www.youtube.com/watch?v=wiFFBklgsGk,"Entrevista de nuestro CEO Bernardo Jurado en Venezolanismos, el Podcast de Steve Bocaranda",youtube,UC5m9KtbXkdzxhvIYOCMGOsA,2021-11-12,2120,83,8,3866,entrevista,no
276,https://www.youtube.com/watch?v=cfReXJj8-CA,"Jurado Grupo Editorial siempre activo hoy desde Sarasota, Florida.",youtube,UC5m9KtbXkdzxhvIYOCMGOsA,2021-11-10,26,5,1,124,video-largo,no
277,https://www.youtube.com/watch?v=rbbMxq0rrk4,En Tampa también hemos realizado la presentación del libro Yo mismo soy de Luis Sojo,youtube,UC5m9KtbXkdzxhvIYOCMGOsA,2021-11-04,66,7,4,1136,video-largo,no
278,https://www.youtube.com/watch?v=V1Jd6tdfYds,"""Cuentos incontables"" un libro que surge en un programa de radio en vivo",youtube,UC5m9KtbXkdzxhvIYOCMGOsA,2021-11-02,54,3,SIN DATO,337,entrevista,no
279,https://www.youtube.com/watch?v=vqPII63-25A,"An Interesting and Educational Interview with Dr. Héctor Jurado, Veterinarian",youtube,UC5m9KtbXkdzxhvIYOCMGOsA,2021-10-31,410,31,6,772,entrevista,no
280,https://www.youtube.com/watch?v=dHj-imCM5Lw,¿Conoces las 5 razones por las que debes leer el libro Los Morochos?,youtube,UC5m9KtbXkdzxhvIYOCMGOsA,2021-10-27,24,4,1,72,video-largo,no
281,https://www.youtube.com/watch?v=2RHD-jmzaIs,"Hello, un guía para Graham Bell de Jorge Silva Álvarez estará presente en el Miami Book Fair",youtube,UC5m9KtbXkdzxhvIYOCMGOsA,2021-10-26,100,10,1,61,video-largo,no
282,https://www.youtube.com/watch?v=2stAurRpRvs,¿Eres escritor? ¿Quieres estar presente en el Miami Book Fair?,youtube,UC5m9KtbXkdzxhvIYOCMGOsA,2021-10-24,58,8,1,138,video-largo,no
283,https://www.youtube.com/watch?v=WoOq0p0YBnQ,La escritora Rosario Solares te invita a la Feria del Libro de Miami del 19 al 21 de Noviembre.,youtube,UC5m9KtbXkdzxhvIYOCMGOsA,2021-10-22,21,4,1,60,video-largo,no
284,https://www.youtube.com/watch?v=TYQpX1F3Ap0,"¿Quieres asistir a la presentación del libro de Luis Sojo, Yo Mismo Soy?",youtube,UC5m9KtbXkdzxhvIYOCMGOsA,2021-10-20,58,6,2,318,video-largo,no
285,https://www.youtube.com/watch?v=M7eJVB6f73E,"Palabras de Luis Sojo durante la presentación de su libro ""Yo mismo soy""",youtube,UC5m9KtbXkdzxhvIYOCMGOsA,2021-10-19,54,3,1,471,video-largo,no
286,https://www.youtube.com/watch?v=MYV0lqgBMRI,Descubre los secretos de las editoriales y por qué debes hacer tu libro con nosotros!,youtube,UC5m9KtbXkdzxhvIYOCMGOsA,2021-10-16,53,7,1,141,video-largo,no
287,https://www.youtube.com/watch?v=B08JoBA-Q8M,Nuevos servicios en nuestra editorial,youtube,UC5m9KtbXkdzxhvIYOCMGOsA,2021-10-13,73,4,2,95,video-largo,no
288,https://www.youtube.com/watch?v=9tCQHLlCUyE,"""La alegría de sanar""",youtube,UC5m9KtbXkdzxhvIYOCMGOsA,2021-10-06,58,7,SIN DATO,51,video-largo,no
289,https://www.youtube.com/watch?v=1gHn4Q4Lmg0,¿Has leído ya el libro de Pérez Jiménez a Chávez?,youtube,UC5m9KtbXkdzxhvIYOCMGOsA,2021-09-23,60,4,SIN DATO,54,video-largo,no
290,https://www.youtube.com/watch?v=evTKM4s8D3U,¡¡¡Buenas noticias!!!,youtube,UC5m9KtbXkdzxhvIYOCMGOsA,2021-09-15,69,11,2,109,video-largo,no
291,https://www.youtube.com/watch?v=e3oXzDdiTBY,"Cinco razones para leer ""Hello, un guía para Graham Bell""",youtube,UC5m9KtbXkdzxhvIYOCMGOsA,2021-09-02,92,5,SIN DATO,94,video-largo,no
292,https://www.youtube.com/watch?v=qsq2XwrNewA,"Cinco razones para leer ""Los hijos de la revolución""",youtube,UC5m9KtbXkdzxhvIYOCMGOsA,2021-08-25,84,9,1,94,video-largo,no
293,https://www.youtube.com/watch?v=A0q-O9-FHj8,Enfocados y obsesionados con el éxito de nuestros escritores,youtube,UC5m9KtbXkdzxhvIYOCMGOsA,2021-08-23,73,6,SIN DATO,542,video-largo,no
294,https://www.youtube.com/watch?v=VVZGgXSftiA,3rd interview with the Gocho del Wassap,youtube,UC5m9KtbXkdzxhvIYOCMGOsA,2021-08-19,1468,84,4,832,entrevista,no
295,https://www.youtube.com/watch?v=3X4fAwhK_Pc,"Disfruta de la entretenida presentación del Volumen 2 del libro ""Mis delirios sobre el golpetazo""",youtube,UC5m9KtbXkdzxhvIYOCMGOsA,2021-08-16,93,15,SIN DATO,711,video-largo,no
296,https://www.youtube.com/watch?v=kF2rZ8HWCZw,¿Te dedicas a las manualidades y las quieres convertir en tu emprendimiento?,youtube,UC5m9KtbXkdzxhvIYOCMGOsA,2021-08-04,128,14,SIN DATO,51,video-largo,no
297,https://www.youtube.com/watch?v=yF9I3BEWTOw,"¿Quieres saber las 5 razones para leer el libro ""Parejas""?",youtube,UC5m9KtbXkdzxhvIYOCMGOsA,2021-07-27,55,6,SIN DATO,46,video-largo,no
298,https://www.youtube.com/watch?v=1hQEsvky3M0,"Una generación que nació bajo la Dictadura Chavista-Madurista, son ""Los Hijos de la Revolución""",youtube,UC5m9KtbXkdzxhvIYOCMGOsA,2021-07-23,82,9,2,252,video-largo,no
299,https://www.youtube.com/watch?v=y-jPxokKqjc,Descubre la Biografía Literaria de Ernest Hemingway,youtube,UC5m9KtbXkdzxhvIYOCMGOsA,2021-07-21,193,10,SIN DATO,83,video-largo,no
300,https://www.youtube.com/watch?v=AJHCG4UxRM4,"¡Clonar a Jesús!, ¿Hasta dónde puede llegar la investigación científica?",youtube,UC5m9KtbXkdzxhvIYOCMGOsA,2021-07-18,52,6,SIN DATO,782,video-largo,no
301,https://www.youtube.com/watch?v=oAveCf461fM,"Voz y Resonancia Ancestral, el nuevo libro de María Dolores Díaz",youtube,UC5m9KtbXkdzxhvIYOCMGOsA,2021-07-15,148,16,3,352,video-largo,no
302,https://www.youtube.com/watch?v=Ld7dVpdNRjc,"Reunión de presentación del libro ""Mis Delirios sobre El Golpetazo"", Volumen I",youtube,UC5m9KtbXkdzxhvIYOCMGOsA,2021-07-13,116,12,2,270,video-largo,no
303,https://www.youtube.com/watch?v=9x6pLnsQ9So,Personalidades del espectáculo y empresarios felicitan a Nelson Arrieta y Marian Valero,youtube,UC5m9KtbXkdzxhvIYOCMGOsA,2021-07-12,54,8,2,286,video-largo,no
304,https://www.youtube.com/watch?v=bphU4NgtXmA,"Raiza Portillo y Doris López entablan una entretenida conversación sobre el libro ""60y más""",youtube,UC5m9KtbXkdzxhvIYOCMGOsA,2021-07-06,188,16,2,751,entrevista,no
305,https://www.youtube.com/watch?v=OqfkT-l7it0,"Cinco Puntas, una interesante novela de Leopoldo Brandt Graterol",youtube,UC5m9KtbXkdzxhvIYOCMGOsA,2021-07-05,38,6,SIN DATO,244,video-largo,no
306,https://www.youtube.com/watch?v=UBbqU4CfR0M,Conoce al escritor Carlos Romero Ortega y la historia que tiene que contarnos,youtube,UC5m9KtbXkdzxhvIYOCMGOsA,2021-07-02,90,6,SIN DATO,223,video-largo,no
307,https://www.youtube.com/watch?v=yF4_KKPi3HU,Junta Patriótica de Miami: Intervención de Bernardo Jurado,youtube,UC5m9KtbXkdzxhvIYOCMGOsA,2021-06-30,442,27,2,1375,video-largo,no
308,https://www.youtube.com/watch?v=xo-K68TX2pY,"Marian Valero y Nelson Arrieta, Así es la Vida",youtube,UC5m9KtbXkdzxhvIYOCMGOsA,2021-06-29,223,6,SIN DATO,202,video-largo,no
309,https://www.youtube.com/watch?v=YQspcZ0YzVk,Disfruta del BookTrailer de la novela CINCO PUNTAS del escritor Leopoldo Brandt Graterol,youtube,UC5m9KtbXkdzxhvIYOCMGOsA,2021-06-25,32,7,SIN DATO,94,video-largo,no
310,https://www.youtube.com/watch?v=nFC2nJAjGiA,"La Historia Secreta, el nuevo libro de Jesús Aveledo",youtube,UC5m9KtbXkdzxhvIYOCMGOsA,2021-06-23,160,12,1,206,video-largo,no
311,https://www.youtube.com/watch?v=1uAPsXobyw0,"Consejos León Tolstói, novelista Ruso para todos aquellos que quieran ser escritores",youtube,UC5m9KtbXkdzxhvIYOCMGOsA,2021-06-21,141,8,SIN DATO,244,video-largo,no
312,https://www.youtube.com/watch?v=o1x0pKpyPrk,El exitoso empresario y escritor Jesús Aveledo nos habla de su experiencia con Jurado Publishing,youtube,UC5m9KtbXkdzxhvIYOCMGOsA,2021-06-17,117,9,1,131,video-largo,no
313,https://www.youtube.com/watch?v=U732jxHWp54,"Los invitamos a disfrutar de la Gala de Presentación del libro ""De Pérez Jiménez a Chávez""",youtube,UC5m9KtbXkdzxhvIYOCMGOsA,2021-06-16,214,20,2,771,video-largo,no
314,https://www.youtube.com/watch?v=FaJpAD50gYU,Descubre el nuevo libro del Rabino Moshe Otero,youtube,UC5m9KtbXkdzxhvIYOCMGOsA,2021-06-14,127,15,SIN DATO,100,video-largo,no
315,https://www.youtube.com/watch?v=FTJSq4MzwRc,"Interesante entrevista al escritor Luis Gonzalo Guerrero, autor de ""Un adiós en el malecón""",youtube,UC5m9KtbXkdzxhvIYOCMGOsA,2021-06-11,29,7,3,319,entrevista,no
316,https://www.youtube.com/watch?v=VkPpr1e5SJM,"Juan Echezabal, exiliado Cubano en los EEUU nos habla de sus más recientes libros",youtube,UC5m9KtbXkdzxhvIYOCMGOsA,2021-06-10,205,22,10,124,video-largo,no
317,https://www.youtube.com/watch?v=F7f24i1rzO8,¿Por qué no vendes tus libros ya publicados?,youtube,UC5m9KtbXkdzxhvIYOCMGOsA,2021-06-09,87,6,2,565,video-largo,no
318,https://www.youtube.com/watch?v=drtiPlNXNTQ,"Conoce de donde surge el libro ""Así se exportó la revolución"" del escritor Pedro Luis Pedrosa",youtube,UC5m9KtbXkdzxhvIYOCMGOsA,2021-06-08,41,7,1,325,video-largo,no
319,https://www.youtube.com/watch?v=KxZi2tA2WYQ,"Alejandra Alonzo, creadora de Conócete, Enfócate y Transfórmate nos habla de su libro",youtube,UC5m9KtbXkdzxhvIYOCMGOsA,2021-06-04,34,5,SIN DATO,274,video-largo,no
320,https://www.youtube.com/watch?v=M_Mpuqeyv1g,"Descubre el nuevo libro ""Un adiós en el malecón""",youtube,UC5m9KtbXkdzxhvIYOCMGOsA,2021-06-02,74,9,1,205,video-largo,no
321,https://www.youtube.com/watch?v=_8zz02Lanco,Consejos para todas aquellas personas que quieran ser escritores,youtube,UC5m9KtbXkdzxhvIYOCMGOsA,2021-06-01,41,4,SIN DATO,300,video-largo,no
322,https://www.youtube.com/watch?v=R6UEetFz9-c,Parejas del Dr. Jose Antonio Cisneros,youtube,UC5m9KtbXkdzxhvIYOCMGOsA,2021-05-31,42,9,SIN DATO,100,video-largo,no
323,https://www.youtube.com/watch?v=6lElqyRANQs,"Entrevista a la Dra. Raiza Portillo, autora del libro ""60 y más""",youtube,UC5m9KtbXkdzxhvIYOCMGOsA,2021-05-26,61,10,SIN DATO,415,entrevista,no
324,https://www.youtube.com/watch?v=b0kQ5lP9ERY,Consejos de Stephen King para los nuevos escritores,youtube,UC5m9KtbXkdzxhvIYOCMGOsA,2021-05-25,47,5,1,396,video-largo,no
325,https://www.youtube.com/watch?v=LjZ7SjaKkm0,Cuentos que no son cuentos,youtube,UC5m9KtbXkdzxhvIYOCMGOsA,2021-05-24,97,10,1,210,video-largo,no
326,https://www.youtube.com/watch?v=RVL-KBbpq1o,¡Tips de utilidad para todos aquellos que quieren ser escritores!,youtube,UC5m9KtbXkdzxhvIYOCMGOsA,2021-05-20,80,10,1,318,video-largo,no
327,https://www.youtube.com/watch?v=Rf7dwFMIfJY,"Hello, un guía para Graham Bell",youtube,UC5m9KtbXkdzxhvIYOCMGOsA,2021-05-19,59,10,SIN DATO,161,video-largo,no
328,https://www.youtube.com/watch?v=noSmwZODMDk,Divertida entrevista de Luis Chataing a Bernardo Jurado por MegaTv,youtube,UC5m9KtbXkdzxhvIYOCMGOsA,2021-05-18,125,13,2,1090,entrevista,no
329,https://www.youtube.com/watch?v=4loEPZt6wsw,Divorcio sin morir en el intento,youtube,UC5m9KtbXkdzxhvIYOCMGOsA,2021-05-17,34,7,SIN DATO,193,video-largo,no
330,https://www.youtube.com/watch?v=GqrvTtCXB4E,Entrevista a la joven escritora Ariany Calles,youtube,UC5m9KtbXkdzxhvIYOCMGOsA,2021-05-16,43,7,SIN DATO,193,entrevista,no
331,https://www.youtube.com/watch?v=0JAy5y0Yy-I,"Miami, presentación del libro y entrevista al Gocho del Wassap",youtube,UC5m9KtbXkdzxhvIYOCMGOsA,2021-05-12,211,29,SIN DATO,2331,entrevista,no
332,https://www.youtube.com/watch?v=Ee_nnol-cvE,Descubre los entresijos de Volando en el ataúd,youtube,UC5m9KtbXkdzxhvIYOCMGOsA,2021-05-10,132,14,3,252,video-largo,no
333,https://www.youtube.com/watch?v=Np2SgmpENhA,"Tercera entrega de nuestro nuevo segmento llamado ¿Quieres ser escritor?,",youtube,UC5m9KtbXkdzxhvIYOCMGOsA,2021-04-28,53,9,SIN DATO,273,video-largo,no
334,https://www.youtube.com/watch?v=lFTn90-KKkk,¿Quieres ser escritor?,youtube,UC5m9KtbXkdzxhvIYOCMGOsA,2021-04-22,60,12,2,285,video-largo,no
335,https://www.youtube.com/watch?v=aCCPS7LKie4,¿Quieres ser escritor?,youtube,UC5m9KtbXkdzxhvIYOCMGOsA,2021-04-15,87,10,3,288,video-largo,no
336,https://www.youtube.com/watch?v=1va7FqHW_m4,60 segundos con el escritor Julio Chacón,youtube,UC5m9KtbXkdzxhvIYOCMGOsA,2021-04-14,119,9,1,104,video-largo,no
337,https://www.youtube.com/watch?v=nlqqXO28l8s,Entrevista a Ricardo Barboza | Frog Creative Services,youtube,UC5m9KtbXkdzxhvIYOCMGOsA,2021-04-09,48,3,SIN DATO,1006,entrevista,no
338,https://www.youtube.com/watch?v=oB6YDGJKwHY,Recomendaciones Abril 2021 | Audiolibros,youtube,UC5m9KtbXkdzxhvIYOCMGOsA,2021-04-07,48,7,3,98,video-largo,no
339,https://www.youtube.com/watch?v=hs1BWv9fBIY,60 segundos con el escritor Vicente Colmenares,youtube,UC5m9KtbXkdzxhvIYOCMGOsA,2021-04-05,57,8,1,56,video-largo,no
340,https://www.youtube.com/watch?v=WHMCbqwLqMo,Florida Home Trust,youtube,UC5m9KtbXkdzxhvIYOCMGOsA,2021-03-31,112,6,1,74,video-largo,no
341,https://www.youtube.com/watch?v=NNQ-EItrPLI,Nueva Alianza con Florida Home Trust,youtube,UC5m9KtbXkdzxhvIYOCMGOsA,2021-03-29,113,9,1,115,video-largo,no
342,https://www.youtube.com/watch?v=1sPYCueSIco,60 segundos con la escritora Alejandra Alonzo,youtube,UC5m9KtbXkdzxhvIYOCMGOsA,2021-03-24,57,1,1,60,video-largo,no
343,https://www.youtube.com/watch?v=nlvsUz1-pZs,60 segundos con El Gocho del Wassap,youtube,UC5m9KtbXkdzxhvIYOCMGOsA,2021-03-19,368,40,4,60,video-largo,no
344,https://www.youtube.com/watch?v=9gaNShTER8A,Entrevista con el escritor Martín Lon,youtube,UC5m9KtbXkdzxhvIYOCMGOsA,2021-03-18,68,10,1,512,entrevista,no
345,https://www.youtube.com/watch?v=5AnfU-7gIZ8,370 ¿Norte o Sur? de Bernardo Jurado y Andrés Tremante,youtube,UC5m9KtbXkdzxhvIYOCMGOsA,2021-03-16,98,7,SIN DATO,298,video-largo,no
346,https://www.youtube.com/watch?v=wpJrNmuGE9w,Entrevista con la escritora y médico nefrólogo Doris López,youtube,UC5m9KtbXkdzxhvIYOCMGOsA,2021-03-11,214,13,4,836,entrevista,no
347,https://www.youtube.com/watch?v=gYzpzQ_YjoE,60 segundos con el Dr. Alberto Sosa Olavarría,youtube,UC5m9KtbXkdzxhvIYOCMGOsA,2021-03-09,637,22,3,74,video-largo,no
348,https://www.youtube.com/watch?v=BzXasuXx2fg,"Entrevista al Dr. José Antonio Cisneros, autor del libro ""Parejas""",youtube,UC5m9KtbXkdzxhvIYOCMGOsA,2021-03-07,119,9,2,633,entrevista,no
349,https://www.youtube.com/watch?v=Q9JXWUZRRyQ,60 segundos con nuestros escritores: Jorge Silva,youtube,UC5m9KtbXkdzxhvIYOCMGOsA,2021-03-04,66,6,SIN DATO,64,video-largo,no
350,https://www.youtube.com/watch?v=59McW7O8i9Q,"Parte de Guerra: Ebola, una epidemia peligrosa",youtube,UC5m9KtbXkdzxhvIYOCMGOsA,2021-03-03,53,7,SIN DATO,118,video-largo,no
351,https://www.youtube.com/watch?v=vhF1LwDHcMM,Entrevista a Bernardo Jurado en El Mundo De Bocaranda,youtube,UC5m9KtbXkdzxhvIYOCMGOsA,2021-03-02,87,4,SIN DATO,2422,entrevista,no
352,https://www.youtube.com/watch?v=y1Wq8qUdwIk,Entrevista al escritor Jesus Aveledo,youtube,UC5m9KtbXkdzxhvIYOCMGOsA,2021-03-01,209,10,SIN DATO,712,entrevista,no
353,https://www.youtube.com/watch?v=9t6_WMgAWbw,60 segundos con nuestros escritores: Germán Rodríguez,youtube,UC5m9KtbXkdzxhvIYOCMGOsA,2021-02-25,120,9,1,69,video-largo,no
354,https://www.youtube.com/watch?v=N6K-brfbP2Y,Entrevista a Pedro Castañeda del libro Conociendo lo que Soy,youtube,UC5m9KtbXkdzxhvIYOCMGOsA,2021-02-23,145,12,3,881,entrevista,no
355,https://www.youtube.com/watch?v=U-_FZkTtyq4,2da entrevista exclusiva a El Gocho del Wasaap,youtube,UC5m9KtbXkdzxhvIYOCMGOsA,2021-02-18,14038,833,68,755,entrevista,no
356,https://www.youtube.com/watch?v=FjTK2Fv0hNM,60 segundos con nuestros escritores: Mariela Vizcaya,youtube,UC5m9KtbXkdzxhvIYOCMGOsA,2021-02-16,98,9,2,85,video-largo,no
357,https://www.youtube.com/watch?v=yxPSXyyIdc8,The Keys to Success by Bernardo Jurado,youtube,UC5m9KtbXkdzxhvIYOCMGOsA,2021-02-15,332,27,4,328,video-largo,no
358,https://www.youtube.com/watch?v=xjQccDrOCec,"Leyendo un capítulo de Divinos, luego humanos con Bernardo Jurado",youtube,UC5m9KtbXkdzxhvIYOCMGOsA,2021-02-11,162,19,3,277,video-largo,no
359,https://www.youtube.com/watch?v=JHrTQfuoU4Y,6o segundos con nuestros escritores: Dra. Raiza Portillo,youtube,UC5m9KtbXkdzxhvIYOCMGOsA,2021-02-08,165,11,SIN DATO,83,video-largo,no
360,https://www.youtube.com/watch?v=Pw6xQ-r6ADo,Interview with Commissioner Atahualpa Montes by Bernardo Jurado,youtube,UC5m9KtbXkdzxhvIYOCMGOsA,2021-02-04,867,68,7,838,entrevista,no
361,https://www.youtube.com/watch?v=-QCYDdqkf5Y,Ya se acerca San Valentín,youtube,UC5m9KtbXkdzxhvIYOCMGOsA,2021-02-03,132,12,1,123,video-largo,no
362,https://www.youtube.com/watch?v=I4hYL_xp7TM,60 segundos con nuestros escritores - Jesús Aveledo,youtube,UC5m9KtbXkdzxhvIYOCMGOsA,2021-02-02,167,7,1,87,video-largo,no
363,https://www.youtube.com/watch?v=ZhHFa1f6Cy0,¿Quieres ser escritor?,youtube,UC5m9KtbXkdzxhvIYOCMGOsA,2021-02-01,259,15,7,218,video-largo,no
364,https://www.youtube.com/watch?v=3nBmj9Q-Mxo,"Exclusive interview with El Gocho del WhatsApp by Bernardo Jurado, CEO of Jurado Grupo Editorial",youtube,UC5m9KtbXkdzxhvIYOCMGOsA,2021-01-30,31897,1798,187,1196,entrevista,no
365,https://www.youtube.com/watch?v=F8juuzieMJk,"¿Eres escritor?, ¿Quieres publicar un libro?, en Jurado Grupo Editorial te apoyamos!",youtube,UC5m9KtbXkdzxhvIYOCMGOsA,2021-01-29,1177,17,SIN DATO,83,video-largo,no
366,https://www.youtube.com/watch?v=qLYhO_RE2FQ,Como forjar tu personalidad CORRECTAMENTE con Bernardo Jurado,youtube,UC5m9KtbXkdzxhvIYOCMGOsA,2021-01-28,74,11,1,185,video-largo,no
367,https://www.youtube.com/watch?v=vGChIh8t6B4,"Divinos, luego humanos por el escritor Bernardo Jurado",youtube,UC5m9KtbXkdzxhvIYOCMGOsA,2021-01-28,49,1,1,422,video-largo,no
368,https://www.youtube.com/watch?v=Fd6moamsXnA,El Manual de las Brujas hoy en La Oratoria con Bernardo Jurado,youtube,UC5m9KtbXkdzxhvIYOCMGOsA,2021-01-28,44,4,SIN DATO,189,video-largo,no
369,https://www.youtube.com/watch?v=uSIfbBTkbY4,"De mi riñón aprendí, por la Dra. Doris López y la educación al paciente renal",youtube,UC5m9KtbXkdzxhvIYOCMGOsA,2021-01-28,14,3,1,193,video-largo,no
370,https://www.youtube.com/watch?v=9tG0RmFiEes,The Secret to Effective Communication,youtube,UC5m9KtbXkdzxhvIYOCMGOsA,2021-01-28,25,3,SIN DATO,1062,video-largo,no
371,https://www.youtube.com/watch?v=2VDwsPxpAsU,La Fragancia de la  Rebelión,youtube,UC5m9KtbXkdzxhvIYOCMGOsA,2021-01-28,62,4,SIN DATO,272,video-largo,no
372,https://www.youtube.com/watch?v=FTrvIrADWlc,"COMO presentar a UN ORADOR, regla del TIO hoy, con Bernardo Jurado",youtube,UC5m9KtbXkdzxhvIYOCMGOsA,2021-01-28,103,6,SIN DATO,158,video-largo,no
373,https://www.youtube.com/watch?v=ii0j0A6zXK0,Volando en un Ataud por Bernardo Jurado,youtube,UC5m9KtbXkdzxhvIYOCMGOsA,2021-01-28,25,1,SIN DATO,1584,video-largo,no
374,https://www.youtube.com/watch?v=xD5tGWlQauI,What Is Sacred Oratory? What Is Academic Oratory? Oratory with Bernardo Jurado,youtube,UC5m9KtbXkdzxhvIYOCMGOsA,2021-01-28,121,4,SIN DATO,135,video-largo,no
375,https://www.youtube.com/watch?v=TOntbbG4IyA,Interview with Professor Bernardo Jurado on the situation in Venezuela by journalist Jaime Bayly,youtube,UC5m9KtbXkdzxhvIYOCMGOsA,2021-01-28,823,55,1,1114,entrevista,no
376,https://www.youtube.com/watch?v=oBVtHHbRBZQ,"Interview of Jaime Bayly with Bernardo Jurado (May 15, 2018)",youtube,UC5m9KtbXkdzxhvIYOCMGOsA,2021-01-28,150,5,2,1264,entrevista,no
377,https://www.youtube.com/watch?v=X5pQs97WQHs,"En la Mira, La Fragancia de la Rebelión con Bernardo Jurado",youtube,UC5m9KtbXkdzxhvIYOCMGOsA,2021-01-26,56,2,SIN DATO,5498,video-largo,no
378,https://www.youtube.com/watch?v=bGkErSRZQz4,370 Norte o Sur de Bernardo Jurado,youtube,UC5m9KtbXkdzxhvIYOCMGOsA,2021-01-26,32,1,SIN DATO,1289,video-largo,no
379,https://www.youtube.com/watch?v=rcvhasfVB8Q,"Divinos Luego  Humanos,  un libro especial de Bernardo Jurado",youtube,UC5m9KtbXkdzxhvIYOCMGOsA,2021-01-26,60,3,SIN DATO,879,video-largo,no
380,https://www.youtube.com/watch?v=hC1zngKkICQ,"Esto también pasará, un excelente libro de Bernardo Jurado",youtube,UC5m9KtbXkdzxhvIYOCMGOsA,2021-01-26,243,14,1,895,video-largo,no
381,https://www.youtube.com/watch?v=f-lKIQh2XwU,"Entrevista a Bernardo Jurado en Venezolanismos, El Podcast de Venezuela",youtube,UC5m9KtbXkdzxhvIYOCMGOsA,2021-01-26,2177,93,2,1554,entrevista,no
382,https://www.youtube.com/watch?v=xPknhaTzf0g,Entrevista a Bernardo Jurado en el programa Actualidad con Alexis Ortiz,youtube,UC5m9KtbXkdzxhvIYOCMGOsA,2021-01-26,257,14,2,1149,entrevista,no
383,https://www.youtube.com/watch?v=lQHtGtiR7jc,Interview with writer Bernardo Jurado on the Gerencia para todos program,youtube,UC5m9KtbXkdzxhvIYOCMGOsA,2021-01-26,60,2,SIN DATO,1036,entrevista,no
