n,shortcode,url,caption,cuenta,fecha,views,likes,comments,duracion_seg,transcripto
1,Dbn8zO3jv7Y,https://www.instagram.com/p/Dbn8zO3jv7Y/,"Comenta ""JURADO"" y déjame ayudarte a cambiar tu vida y tu comunicación.👇",@juradonegocios,2026-08-04,23889364,2278413,31751,138,no
2,DaVjQ6TAIha,https://www.instagram.com/p/DaVjQ6TAIha/,Sígueme en @juradonegocios 👈🏼 para mejorar tu comunicación y oratoria.,@juradonegocios,2026-07-03,22148337,1934623,35298,57,no
3,DbJKIKiDBps,https://www.instagram.com/p/DbJKIKiDBps/,"Comenta ""JURADO"" y dejame ayudarte a cambiar tu vida y tu comunicación.👇",@juradonegocios,2026-07-23,11412044,1195286,11567,65,no
4,DZQB2SYnTWO,https://www.instagram.com/p/DZQB2SYnTWO/,Sígueme en @juradonegocios 👈🏼 para mejorar tu comunicación y oratoria.,@juradonegocios,2026-06-06,8193919,805122,1884,46,no
5,DYFSfLDuwRR,https://www.instagram.com/p/DYFSfLDuwRR/,Sígueme en 👉🏼 @juradonegocios y mejora tu comunicación y tu oratoria.,@juradonegocios,2026-05-08,7309358,437350,5910,69,no
6,DagUl7IFakD,https://www.instagram.com/p/DagUl7IFakD/,Sígueme en @juradonegocios 👈🏼 para mejorar tu comunicación y oratoria.,@juradonegocios,2026-07-07,6869978,471525,15492,89,no
7,DbLuxxvjHRz,https://www.instagram.com/p/DbLuxxvjHRz/,"Comenta ""JURADO"" y dejame ayudarte a cambiar tu vida y tu comunicación.👇",@juradonegocios,2026-07-24,6004433,480026,10210,91,no
8,DabgLGXjfRG,https://www.instagram.com/p/DabgLGXjfRG/,Sígueme en @juradonegocios 👈🏼 para mejorar tu comunicación y oratoria.,@juradonegocios,2026-07-05,5727629,342887,13051,57,no
9,DabPC7FiRUo,https://www.instagram.com/p/DabPC7FiRUo/,Sígueme en @juradonegocios 👈🏼 para mejorar tu comunicación y oratoria.,@juradonegocios,2026-07-05,5722108,637990,7035,76,no
10,DaS-jz_n93r,https://www.instagram.com/p/DaS-jz_n93r/,Sígueme en @juradonegocios 👈🏼 para mejorar tu comunicación y oratoria.,@juradonegocios,2026-07-02,4774079,360921,10349,145,no
11,DbGlNqmiMsp,https://www.instagram.com/p/DbGlNqmiMsp/,Sígueme en @juradonegocios 👈🏼 para mejorar tu comunicación y oratoria.,@juradonegocios,2026-07-22,4750378,495778,11306,77,no
12,Day1xFgkkYr,https://www.instagram.com/p/Day1xFgkkYr/,Sígueme en @juradonegocios 👈🏼 para mejorar tu comunicación y oratoria.,@juradonegocios,2026-07-15,3446025,384994,4466,93,no
13,DY3HXgTDeRJ,https://www.instagram.com/p/DY3HXgTDeRJ/,Sígueme en @juradonegocios 👈🏼 para mejorar tu comunicación y oratoria.,@juradonegocios,2026-05-27,3297768,432040,492,28,no
14,DYF3o_fD4Zd,https://www.instagram.com/p/DYF3o_fD4Zd/,Sígueme en @juradonegocios 👈🏼 para mejorar tu comunicación y oratoria.,@juradonegocios,2026-05-08,3128160,265940,1687,82,no
15,Dadz-kNChi5,https://www.instagram.com/p/Dadz-kNChi5/,Sígueme en @juradonegocios 👈🏼 para mejorar tu comunicación y oratoria.,@juradonegocios,2026-07-06,2976354,314629,7096,98,no
16,DYYBbD2AEjX,https://www.instagram.com/p/DYYBbD2AEjX/,Sígueme en @juradonegocios 👈🏼 para mejorar tu comunicación y oratoria.,@juradonegocios,2026-05-15,2896450,372217,367,28,no
17,DbtNRtMDQsR,https://www.instagram.com/p/DbtNRtMDQsR/,"Comenta ""JURADO"" y dejame ayudarte a cambiar tu vida y tu comunicación.👇",@juradonegocios,2026-08-06,2877356,241633,7918,77,no
18,DW1oxaYAgZQ,https://www.instagram.com/p/DW1oxaYAgZQ/,Dale amor a un hombre y cambiará una corona por un beso. Sígueme en 👉 @juradonegocios para mejorar tu comunicación,@juradonegocios,2026-04-07,2724378,297214,1487,70,no
19,DaDogfcDABU,https://www.instagram.com/p/DaDogfcDABU/,Sígueme en @juradonegocios 👈🏼 para mejorar tu comunicación y oratoria.,@juradonegocios,2026-06-26,2563906,276245,3938,93,no
20,DaiGyf7ArLq,https://www.instagram.com/p/DaiGyf7ArLq/,Sígueme en @juradonegocios 👈🏼 para mejorar tu comunicación y oratoria.,@juradonegocios,2026-07-08,2451219,259609,2645,71,no
21,DbMDUa7kaUu,https://www.instagram.com/p/DbMDUa7kaUu/,"Comenta ""JURADO"" y dejame ayudarte a cambiar tu vida y tu comunicación.👇",@juradonegocios,2026-07-24,2429713,211663,1075,64,no
22,Db5-TQPkuRi,https://www.instagram.com/p/Db5-TQPkuRi/,"Comenta ""JURADO"" y dejame ayudarte a cambiar tu vida y tu comunicación.👇",@juradonegocios,2026-08-11,2318460,135266,3522,166,no
23,DbQ4SSziClA,https://www.instagram.com/p/DbQ4SSziClA/,"Comenta ""JURADO"" y dejame ayudarte a cambiar tu vida y tu comunicación.👇",@juradonegocios,2026-07-26,2179477,176200,3333,43,no
24,DYBHv8ACnSn,https://www.instagram.com/p/DYBHv8ACnSn/,Sígueme en 👉🏼 @juradonegocios para mejorar tu comunicación y oratoria.,@juradonegocios,2026-05-07,2097712,212089,248,86,no
25,DaliQtcFUsP,https://www.instagram.com/p/DaliQtcFUsP/,"Este 14 d de julio daré una clase en directo para ayudarte a cambiar tu vida y tu comunicación. Comenta ""JURADO"" para darte acceso👇",@juradonegocios,2026-07-09,1949987,179895,2814,94,no
26,Db83npiCuCs,https://www.instagram.com/p/Db83npiCuCs/,"Comenta ""JURADO"" y déjame ayudarte a cambiar tu vida y tu comunicación.👇",@juradonegocios,2026-08-12,1888456,115595,2182,138,no
27,DaBD3ZEDU0g,https://www.instagram.com/p/DaBD3ZEDU0g/,Sígueme en @juradonegocios 👈🏼 para mejorar tu comunicación y oratoria.,@juradonegocios,2026-06-25,1886381,164237,1349,48,no
28,DYSVsNwD95p,https://www.instagram.com/p/DYSVsNwD95p/,Sígueme en @juradonegocios 👈🏼 para mejorar tu comunicación y oratoria.,@juradonegocios,2026-05-13,1805713,207750,572,68,no
29,DYN8AGcE0p_,https://www.instagram.com/p/DYN8AGcE0p_/,Sígueme en @juradonegocios 👈🏼 para mejorar tu comunicación y oratoria.,@juradonegocios,2026-05-12,1802607,121842,884,39,no
30,DbizIYXk7cd,https://www.instagram.com/p/DbizIYXk7cd/,"Comenta ""JURADO"" y dejame ayudarte a cambiar tu vida y tu comunicación.👇",@juradonegocios,2026-08-02,1792914,158874,3649,74,no
31,DX7K9pfCt-h,https://www.instagram.com/p/DX7K9pfCt-h/,Sígueme en @juradonegocios 👈🏼 para mejorar tu comunicación y oratoria.,@juradonegocios,2026-05-04,1536933,210548,215,48,no
32,Dabm7Y1AX8C,https://www.instagram.com/p/Dabm7Y1AX8C/,Sígueme en @juradonegocios 👈🏼 para mejorar tu comunicación y oratoria.,@juradonegocios,2026-07-06,1526485,133530,682,57,no
33,DbtGVvfDUU4,https://www.instagram.com/p/DbtGVvfDUU4/,"Comenta ""JURADO"" y dejame ayudarte a cambiar tu vida y tu comunicación.👇",@juradonegocios,2026-08-06,1443670,90474,1764,135,no
34,Da0m6IYFA21,https://www.instagram.com/p/Da0m6IYFA21/,Sígueme en @juradonegocios 👈🏼 para mejorar tu comunicación y oratoria.,@juradonegocios,2026-07-15,1383614,100854,1380,77,no
35,DZsW5lLCCsB,https://www.instagram.com/p/DZsW5lLCCsB/,Sígueme en @juradonegocios 👈🏼 para mejorar tu comunicación y oratoria.,@juradonegocios,2026-06-17,1367418,124127,3174,75,no
36,DXxkbKxiFn4,https://www.instagram.com/p/DXxkbKxiFn4/,Sígueme en @juradonegocios 👈🏼 para mejorar tu comunicación y oratoria.,@juradonegocios,2026-04-30,1333942,153088,168,57,no
37,DaN10c5CGRD,https://www.instagram.com/p/DaN10c5CGRD/,Sígueme en @juradonegocios 👈🏼 para mejorar tu comunicación y oratoria.,@juradonegocios,2026-06-30,1306172,134079,286,81,no
38,DbeE19jD_P_,https://www.instagram.com/p/DbeE19jD_P_/,"Comenta ""JURADO"" y dejame ayudarte a cambiar tu vida y tu comunicación.👇",@juradonegocios,2026-07-31,1301084,96861,5237,96,no
39,DZGJ_kNEtJG,https://www.instagram.com/p/DZGJ_kNEtJG/,Sígueme en @juradonegocios 👈🏼 para mejorar tu comunicación y oratoria.,@juradonegocios,2026-06-02,1211613,74312,459,89,no
40,DbmH3_JCCOC,https://www.instagram.com/p/DbmH3_JCCOC/,"Comenta ""JURADO"" y dejame ayudarte a cambiar tu vida y tu comunicación.👇",@juradonegocios,2026-08-03,1076894,69835,1805,140,no
41,DbyP9TQlaXk,https://www.instagram.com/p/DbyP9TQlaXk/,"Comenta ""JURADO"" y dejame ayudarte a cambiar tu vida y tu comunicación.👇",@juradonegocios,2026-08-08,1063324,61830,2166,84,no
42,DZyQFYoEbap,https://www.instagram.com/p/DZyQFYoEbap/,Sígueme en @juradonegocios 👈🏼 para mejorar tu comunicación y oratoria.,@juradonegocios,2026-06-19,1046373,154058,615,77,no
43,DY25mpfFFgG,https://www.instagram.com/p/DY25mpfFFgG/,Sígueme en @juradonegocios 👈🏼 para mejorar tu comunicación y oratoria.,@juradonegocios,2026-05-27,1011423,84451,148,28,no
44,DX7-vYSCCLW,https://www.instagram.com/p/DX7-vYSCCLW/,Sígueme en @juradonegocios 👈🏼 para mejorar tu comunicación y oratoria.,@juradonegocios,2026-05-05,985475,88335,280,69,no
45,DbV7PqeiFpC,https://www.instagram.com/p/DbV7PqeiFpC/,"Comenta ""JURADO"" y dejame ayudarte a cambiar tu vida y tu comunicación.👇",@juradonegocios,2026-07-28,952920,58233,5423,95,no
46,DYGY0EsD-Us,https://www.instagram.com/p/DYGY0EsD-Us/,Sígueme en @juradonegocios 👈🏼 para mejorar tu comunicación y oratoria.,@juradonegocios,2026-05-09,872718,43472,676,82,no
47,DbY-kOkESfA,https://www.instagram.com/p/DbY-kOkESfA/,"Comenta ""JURADO"" y dejame ayudarte a cambiar tu vida y tu comunicación.👇",@juradonegocios,2026-07-29,825811,46126,3341,134,no
48,DY20C1oiXFS,https://www.instagram.com/p/DY20C1oiXFS/,Sígueme en @juradonegocios 👈🏼 para mejorar tu comunicación y oratoria.,@juradonegocios,2026-05-27,763912,70837,170,70,no
49,DYpucqwD2dG,https://www.instagram.com/p/DYpucqwD2dG/,Sígueme en @juradonegocios 👈🏼 para mejorar tu comunicación y oratoria.,@juradonegocios,2026-05-22,747479,89918,233,44,no
50,DYnJsDnkWei,https://www.instagram.com/p/DYnJsDnkWei/,Sígueme en @juradonegocios 👈🏼 para mejorar tu comunicación y oratoria.,@juradonegocios,2026-05-21,738553,69311,45,44,no
51,DaoHD5nkiug,https://www.instagram.com/p/DaoHD5nkiug/,"Comenta ""JURADO"" para darte acceso este 14 de Julio a mi clase en directo y ayudarte a cambiar tu vida y tu comunicación.👇",@juradonegocios,2026-07-10,707314,52481,1515,59,no
52,DbqhgOxDZoa,https://www.instagram.com/p/DbqhgOxDZoa/,"Comenta ""JURADO"" y dejame ayudarte a cambiar tu vida y tu comunicación.👇",@juradonegocios,2026-08-05,700687,72076,2542,79,no
53,DbMiIAskd0l,https://www.instagram.com/p/DbMiIAskd0l/,"Comenta ""JURADO"" y dejame ayudarte a cambiar tu vida y tu comunicación.👇",@juradonegocios,2026-07-25,687884,71774,384,64,no
54,Db3ZhOCCIqw,https://www.instagram.com/p/Db3ZhOCCIqw/,"Comenta ""JURADO"" y dejame ayudarte a cambiar tu vida y tu comunicación.👇",@juradonegocios,2026-08-10,671316,37511,1553,93,no
55,DanhMFMieTM,https://www.instagram.com/p/DanhMFMieTM/,"Comenta ""JURADO"" para darte acceso este 14 de Julio a mi clase en directo y ayudarte a cambiar tu vida y tu comunicación.👇",@juradonegocios,2026-07-10,668399,42288,1009,109,no
56,DatQmWOEdDL,https://www.instagram.com/p/DatQmWOEdDL/,"Comenta ""JURADO"" para darte acceso este 14 de Julio a mi clase en directo y ayudarte a cambiar tu vida y tu comunicación.👇",@juradonegocios,2026-07-12,592473,41506,2814,65,no
57,Daivz8WklIj,https://www.instagram.com/p/Daivz8WklIj/,Sígueme en @juradonegocios 👈🏼 para mejorar tu comunicación y oratoria.,@juradonegocios,2026-07-08,587457,33147,1325,81,no
58,DabZNAviWU3,https://www.instagram.com/p/DabZNAviWU3/,Sígueme en @juradonegocios 👈🏼 para mejorar tu comunicación y oratoria.,@juradonegocios,2026-07-05,580636,37359,1639,57,no
59,DYLigIjEfO7,https://www.instagram.com/p/DYLigIjEfO7/,Sígueme en @juradonegocios 👈🏼 para mejorar tu comunicación y oratoria.,@juradonegocios,2026-05-11,568833,27367,742,69,no
60,DaQZ5foDeXJ,https://www.instagram.com/p/DaQZ5foDeXJ/,Sígueme en @juradonegocios 👈🏼 para mejorar tu comunicación y oratoria.,@juradonegocios,2026-07-01,562949,51849,1426,98,no
61,DaqXUuskZ-o,https://www.instagram.com/p/DaqXUuskZ-o/,"Comenta ""JURADO"" para darte acceso este 14 de Julio a mi clase en directo y ayudarte a cambiar tu vida y tu comunicación.👇",@juradonegocios,2026-07-11,548174,27919,1139,110,no
62,DY8EkGJAl7v,https://www.instagram.com/p/DY8EkGJAl7v/,Sígueme en @juradonegocios 👈🏼 para mejorar tu comunicación y oratoria.,@juradonegocios,2026-05-29,542493,38046,110,40,no
63,Dbg3XyLCRKn,https://www.instagram.com/p/Dbg3XyLCRKn/,"Comenta ""JURADO"" y dejame ayudarte a cambiar tu vida y tu comunicación.👇",@juradonegocios,2026-08-01,539669,28476,325,91,no
64,DbbgH3BjZzW,https://www.instagram.com/p/DbbgH3BjZzW/,"Comenta ""JURADO"" y dejame ayudarte a cambiar tu vida y tu comunicación.👇",@juradonegocios,2026-07-30,500772,29297,1995,87,no
65,DZXwTEkCaN1,https://www.instagram.com/p/DZXwTEkCaN1/,Sígueme en @juradonegocios 👈🏼 para mejorar tu comunicación y oratoria.,@juradonegocios,2026-06-09,499685,37160,8910,91,no
66,DZSmlrwjDkj,https://www.instagram.com/p/DZSmlrwjDkj/,Sígueme en @juradonegocios 👈🏼 para mejorar tu comunicación y oratoria.,@juradonegocios,2026-06-07,480958,35072,1521,105,no
67,Da8fn8QFJkv,https://www.instagram.com/p/Da8fn8QFJkv/,Sígueme en @juradonegocios 👈🏼 para mejorar tu comunicación y oratoria.,@juradonegocios,2026-07-18,461949,22569,323,66,no
68,Db8qBetAJcA,https://www.instagram.com/p/Db8qBetAJcA/,"Comenta ""JURADO"" y dejame ayudarte a cambiar tu vida y tu comunicación.👇",@juradonegocios,2026-08-12,448610,20994,434,102,no
69,DY5EdeHDaTU,https://www.instagram.com/p/DY5EdeHDaTU/,Sígueme en @juradonegocios 👈🏼 para mejorar tu comunicación y oratoria.,@juradonegocios,2026-05-28,443955,32605,191,93,no
70,DYsaICtmkGq,https://www.instagram.com/p/DYsaICtmkGq/,Sígueme en @juradonegocios 👈🏼 para mejorar tu comunicación y oratoria.,@juradonegocios,2026-05-23,440544,29724,43,26,no
71,DbtofPaCGf3,https://www.instagram.com/p/DbtofPaCGf3/,"Comenta ""JURADO"" y dejame ayudarte a cambiar tu vida y tu comunicación.👇",@juradonegocios,2026-08-06,431847,45462,1539,77,no
72,DYUs5ulAXoD,https://www.instagram.com/p/DYUs5ulAXoD/,Sígueme en @juradonegocios 👈🏼 para mejorar tu comunicación y oratoria.,@juradonegocios,2026-05-14,431339,32243,88,69,no
73,Da3amykE5Ut,https://www.instagram.com/p/Da3amykE5Ut/,Sígueme en @juradonegocios 👈🏼 para mejorar tu comunicación y oratoria.,@juradonegocios,2026-07-16,420848,24587,732,103,no
74,DbEDowyjG6G,https://www.instagram.com/p/DbEDowyjG6G/,Sígueme en @juradonegocios 👈🏼 para mejorar tu comunicación y oratoria.,@juradonegocios,2026-07-21,410033,20110,227,36,no
75,DaddgG1FX9w,https://www.instagram.com/p/DaddgG1FX9w/,Sígueme en @juradonegocios 👈🏼 para mejorar tu comunicación y oratoria.,@juradonegocios,2026-07-06,404943,19451,1560,67,no
76,DbvrSN-jwwE,https://www.instagram.com/p/DbvrSN-jwwE/,"Comenta ""JURADO"" y dejame ayudarte a cambiar tu vida y tu comunicación.👇",@juradonegocios,2026-08-07,400153,17855,602,82,no
77,DaqlFMKigFz,https://www.instagram.com/p/DaqlFMKigFz/,"Comenta ""JURADO"" para darte acceso este 14 de Julio a mi clase en directo y ayudarte a cambiar tu vida y tu comunicación.👇",@juradonegocios,2026-07-11,397408,20851,1410,116,no
78,DbOTjdPEj-Z,https://www.instagram.com/p/DbOTjdPEj-Z/,"Comenta ""JURADO"" y dejame ayudarte a cambiar tu vida y tu comunicación.👇",@juradonegocios,2026-07-25,391036,19067,444,68,no
79,Da564-qjk8l,https://www.instagram.com/p/Da564-qjk8l/,Sígueme en @juradonegocios 👈🏼 para mejorar tu comunicación y oratoria.,@juradonegocios,2026-07-17,385228,23612,340,110,no
80,DYAn3W0CQlS,https://www.instagram.com/p/DYAn3W0CQlS/,"Sígueme aquí 👉🏼 @juradonegocios para mejorar tu comunicación y oratoria, y hablar como el 1%.",@juradonegocios,2026-05-06,384533,37054,57,50,no
81,DYgAxy0iE3j,https://www.instagram.com/p/DYgAxy0iE3j/,Sígueme en @juradonegocios 👈🏼 para mejorar tu comunicación y oratoria.,@juradonegocios,2026-05-19,376629,42327,138,68,no
82,DZ5VW8Alfam,https://www.instagram.com/p/DZ5VW8Alfam/,Sígueme en @juradonegocios 👈🏼 para mejorar tu comunicación y oratoria.,@juradonegocios,2026-06-22,372781,27310,528,54,no
83,Dbg3X5_mjgt,https://www.instagram.com/p/Dbg3X5_mjgt/,"Comenta ""JURADO"" y dejame ayudarte a cambiar tu vida y tu comunicación.👇",@juradonegocios,2026-08-01,360472,11529,233,64,no
84,DaLW9snj2ox,https://www.instagram.com/p/DaLW9snj2ox/,Sígueme en @juradonegocios 👈🏼 para mejorar tu comunicación y oratoria.,@juradonegocios,2026-06-29,338815,18494,398,73,no
85,DZ-fH0Igpoe,https://www.instagram.com/p/DZ-fH0Igpoe/,Sígueme en @juradonegocios 👈🏼 para mejorar tu comunicación y oratoria.,@juradonegocios,2026-06-24,326991,19325,282,65,no
86,Das1UCQjgRY,https://www.instagram.com/p/Das1UCQjgRY/,"Comenta ""JURADO"" para darte acceso este 14 de Julio a mi clase en directo y ayudarte a cambiar tu vida y tu comunicación.👇",@juradonegocios,2026-07-12,326274,14955,1236,130,no
87,DZOT1GyD36n,https://www.instagram.com/p/DZOT1GyD36n/,Sígueme en @juradonegocios 👈🏼 para mejorar tu comunicación y oratoria.,@juradonegocios,2026-06-06,321713,20030,78,54,no
88,DbT09r2F0Z8,https://www.instagram.com/p/DbT09r2F0Z8/,"Comenta ""JURADO"" y dejame ayudarte a cambiar tu vida y tu comunicación.👇",@juradonegocios,2026-07-27,313805,9890,462,52,no
89,Davx1I2FYmt,https://www.instagram.com/p/Davx1I2FYmt/,"Comenta ""JURADO"" para darte acceso este 14 de Julio a mi clase en directo y ayudarte a cambiar tu vida y tu comunicación.👇",@juradonegocios,2026-07-13,313548,17207,89,89,no
90,DavdRXOEYd_,https://www.instagram.com/p/DavdRXOEYd_/,"Comenta ""JURADO"" para darte acceso este 14 de Julio a mi clase en directo y ayudarte a cambiar tu vida y tu comunicación.👇",@juradonegocios,2026-07-13,312929,12453,408,86,no
91,DZlGyTToEq1,https://www.instagram.com/p/DZlGyTToEq1/,Sígueme en @juradonegocios 👈🏼 para mejorar tu comunicación y oratoria.,@juradonegocios,2026-06-14,304100,17300,852,152,no
92,DZ0L1SfCuxB,https://www.instagram.com/p/DZ0L1SfCuxB/,Sígueme en @juradonegocios 👈🏼 para mejorar tu comunicación y oratoria.,@juradonegocios,2026-06-20,297483,11079,229,29,no
93,DX12IcuOTdK,https://www.instagram.com/p/DX12IcuOTdK/,Sígueme en @juradonegocios 👈🏼 para mejorar tu comunicación y oratoria.,@juradonegocios,2026-05-02,294633,24678,54,68,no
94,DZ2wi1iGG_L,https://www.instagram.com/p/DZ2wi1iGG_L/,Sígueme en @juradonegocios 👈🏼 para mejorar tu comunicación y oratoria.,@juradonegocios,2026-06-21,285240,18192,241,57,no
95,DalDV04D4fH,https://www.instagram.com/p/DalDV04D4fH/,"Este 14 d de julio daré una clase en directo para ayudarte a cambiar tu vida y tu comunicación.  Comenta ""JURADO"" para darte acceso👇",@juradonegocios,2026-07-09,285185,8986,335,90,no
96,DYfzDBzE1BH,https://www.instagram.com/p/DYfzDBzE1BH/,Sígueme en @juradonegocios 👈🏼 para mejorar tu comunicación y oratoria.,@juradonegocios,2026-05-18,283493,26744,138,68,no
97,DaGNQA7ggQL,https://www.instagram.com/p/DaGNQA7ggQL/,Sígueme en @juradonegocios 👈🏼 para mejorar tu comunicación y oratoria.,@juradonegocios,2026-06-27,265734,13528,352,91,no
98,DZYgKkRFB4w,https://www.instagram.com/p/DZYgKkRFB4w/,Sígueme en @juradonegocios 👈🏼 para mejorar tu comunicación y oratoria.,@juradonegocios,2026-06-09,260987,18960,172,59,no
99,DYcvjH9HEIv,https://www.instagram.com/p/DYcvjH9HEIv/,Sígueme en @juradonegocios 👈🏼 para mejorar tu comunicación y oratoria.,@juradonegocios,2026-05-17,258500,22707,128,70,no
100,DX4rykXv0ia,https://www.instagram.com/p/DX4rykXv0ia/,"Comenta ""BERNARDO"" 👇 si quieres saber exactamente cómo lo hicimos con Bernardo para ganar +300mil seguidores en 30 días",@victorherasemprendedor,2026-05-03,243760,9242,2233,77,no
101,DavWhx6AuMO,https://www.instagram.com/p/DavWhx6AuMO/,"Comenta ""JURADO"" para darte acceso este 14 de Julio a mi clase en directo y ayudarte a cambiar tu vida y tu comunicación.👇",@juradonegocios,2026-07-13,239422,9691,376,110,no
102,DaYPB9vkU1h,https://www.instagram.com/p/DaYPB9vkU1h/,Sígueme en @juradonegocios 👈🏼 para mejorar tu comunicación y oratoria.,@juradonegocios,2026-07-04,237177,12961,293,75,no
103,Db00qgzjqkA,https://www.instagram.com/p/Db00qgzjqkA/,"Comenta ""JURADO"" y dejame ayudarte a cambiar tu vida y tu comunicación.👇",@juradonegocios,2026-08-09,232520,4768,134,172,no
104,DZvdq8rDCJV,https://www.instagram.com/p/DZvdq8rDCJV/,Sígueme en @juradonegocios 👈🏼 para mejorar tu comunicación y oratoria.,@juradonegocios,2026-06-18,231142,13620,41,69,no
105,DYfUXf-jt6v,https://www.instagram.com/p/DYfUXf-jt6v/,Sígueme en @juradonegocios 👈🏼 para mejorar tu comunicación y oratoria.,@juradonegocios,2026-05-18,225558,14808,17,38,no
106,DZVLjrzCotG,https://www.instagram.com/p/DZVLjrzCotG/,Sígueme en @juradonegocios 👈🏼 para mejorar tu comunicación y oratoria.,@juradonegocios,2026-06-08,222367,14820,922,109,no
107,DYkaW5Ykggt,https://www.instagram.com/p/DYkaW5Ykggt/,Sígueme en @juradonegocios 👈🏼 para mejorar tu comunicación y oratoria.,@juradonegocios,2026-05-20,222235,14227,132,97,no
108,DZnT9zPAXcl,https://www.instagram.com/p/DZnT9zPAXcl/,Sígueme en @juradonegocios 👈🏼 para mejorar tu comunicación y oratoria.,@juradonegocios,2026-06-15,197683,5692,875,26,no
109,DYxjkxLDLQF,https://www.instagram.com/p/DYxjkxLDLQF/,Sígueme en @juradonegocios 👈🏼 para mejorar tu comunicación y oratoria.,@juradonegocios,2026-05-25,194018,8334,24,51,no
110,DYh5M2kjTKw,https://www.instagram.com/p/DYh5M2kjTKw/,Sígueme en @juradonegocios 👈🏼 para mejorar tu comunicación y oratoria.,@juradonegocios,2026-05-19,192916,12595,57,29,no
111,DZaVIiGjp_P,https://www.instagram.com/p/DZaVIiGjp_P/,Sígueme en @juradonegocios 👈🏼 para mejorar tu comunicación y oratoria.,@juradonegocios,2026-06-10,191070,10339,557,51,no
112,Db_R6uPkcqL,https://www.instagram.com/p/Db_R6uPkcqL/,"Comenta ""JURADO"" y dejame ayudarte a cambiar tu vida y tu comunicación.👇",@juradonegocios,2026-08-13,181679,6191,144,51,no
113,DaIyC3mguAz,https://www.instagram.com/p/DaIyC3mguAz/,Sígueme en @juradonegocios 👈🏼 para mejorar tu comunicación y oratoria.,@juradonegocios,2026-06-28,174655,4507,83,75,no
114,DZV-nuOASrw,https://www.instagram.com/p/DZV-nuOASrw/,Sígueme en @juradonegocios 👈🏼 para mejorar tu comunicación y oratoria.,@juradonegocios,2026-06-08,174575,19065,2579,126,no
115,DYu-4rxD-wZ,https://www.instagram.com/p/DYu-4rxD-wZ/,Sígueme en @juradonegocios 👈🏼 para mejorar tu comunicación y oratoria.,@juradonegocios,2026-05-24,170687,8343,49,77,no
116,DY-3GzzDnTW,https://www.instagram.com/p/DY-3GzzDnTW/,Sígueme en @juradonegocios 👈🏼 para mejorar tu comunicación y oratoria.,@juradonegocios,2026-05-31,154385,5792,24,21,no
117,DYaKwVrCTag,https://www.instagram.com/p/DYaKwVrCTag/,Sígueme en @juradonegocios 👈🏼 para mejorar tu comunicación y oratoria.,@juradonegocios,2026-05-16,152681,8606,61,43,no
118,DY3ONI-iKvF,https://www.instagram.com/p/DY3ONI-iKvF/,Sígueme en @juradonegocios 👈🏼 para mejorar tu comunicación y oratoria.,@juradonegocios,2026-05-28,149871,12846,32,28,no
119,DYFFRpAu0V5,https://www.instagram.com/p/DYFFRpAu0V5/,Sígueme en👉🏼 @juradonegocios . Te enseño todo sobre comunicación y oratoria para tener éxito.,@juradonegocios,2026-05-08,142348,10110,33,69,no
120,DZVXor2IQ9h,https://www.instagram.com/p/DZVXor2IQ9h/,"Sígueme aquí 👇🏼 si quieres mejorar tu comunicación y oratoria, soy Bernardo Jurado, experto en oratoria",@juradonegocios,2026-06-08,137788,6224,55,59,no
121,DXzQ7XluYpX,https://www.instagram.com/p/DXzQ7XluYpX/,Sígueme en @juradonegocios 👈🏼 para mejorar tu comunicación y oratoria.,@juradonegocios,2026-05-01,136124,8732,34,150,no
122,DZDlL_MDHUH,https://www.instagram.com/p/DZDlL_MDHUH/,Sígueme en @juradonegocios 👈🏼 para mejorar tu comunicación y oratoria.,@juradonegocios,2026-06-01,132900,5002,40,110,no
123,DYgHu1vFIAq,https://www.instagram.com/p/DYgHu1vFIAq/,Sígueme en @juradonegocios 👈🏼 para mejorar tu comunicación y oratoria.,@juradonegocios,2026-05-19,128948,9806,62,68,no
124,DZ8SNzPCTl_,https://www.instagram.com/p/DZ8SNzPCTl_/,Sígueme en @juradonegocios 👈🏼 para mejorar tu comunicación y oratoria.,@juradonegocios,2026-06-23,127974,2592,34,67,no
125,DX-JT3-CVVH,https://www.instagram.com/p/DX-JT3-CVVH/,Sígueme en @juradonegocios 👈🏼 para mejorar tu comunicación y oratoria.,@juradonegocios,2026-05-05,127036,7144,27,57,no
126,DXvAj-ZCPeR,https://www.instagram.com/p/DXvAj-ZCPeR/,Sígueme en @juradonegocios 👈🏼 para mejorar tu comunicación y oratoria.,@juradonegocios,2026-04-29,121841,7175,32,68,no
127,DX4hGCMurEq,https://www.instagram.com/p/DX4hGCMurEq/,Sígueme en @juradonegocios 👈🏼 para mejorar tu comunicación y oratoria.,@juradonegocios,2026-05-03,113734,5874,15,51,no
128,DX2wLqgiwDq,https://www.instagram.com/p/DX2wLqgiwDq/,Sígueme en @juradonegocios 👈 para mejorar tu comunicación y oratoria.  #juradogrupoeditorial #bernardojurado #juradonegocios #comunicación,@juradonegocios,2026-05-03,112115,4882,36,58,no
129,DY2weDRj6pR,https://www.instagram.com/p/DY2weDRj6pR/,Sígueme en @juradonegocios 👈🏼 para mejorar tu comunicación y oratoria.,@juradonegocios,2026-05-27,108287,9393,6,28,no
130,DYz98k1jOFJ,https://www.instagram.com/p/DYz98k1jOFJ/,Sígueme en @juradonegocios 👈🏼 para mejorar tu comunicación y oratoria.,@juradonegocios,2026-05-26,107324,3444,17,57,no
131,DZLhXKmlaF8,https://www.instagram.com/p/DZLhXKmlaF8/,Sígueme en @juradonegocios 👈🏼 para mejorar tu comunicación y oratoria.,@juradonegocios,2026-06-04,106510,3069,33,83,no
132,DaYmrNXIHn0,https://www.instagram.com/p/DaYmrNXIHn0/,Sígueme en @juradonegocios 👈🏼 para mejorar tu comunicación y oratoria.,@juradonegocios,2026-07-04,97847,4833,127,75,no
133,DXwspo6ujdO,https://www.instagram.com/p/DXwspo6ujdO/,Sígueme en @juradonegocios 👈🏼 para mejorar tu comunicación y oratoria.,@juradonegocios,2026-04-30,82077,3701,17,60,no
134,DZV3wHRiLjO,https://www.instagram.com/p/DZV3wHRiLjO/,Sígueme en @juradonegocios 👈🏼 para mejorar tu comunicación y oratoria.,@juradonegocios,2026-06-08,75666,7138,89,126,no
135,Db6FSuzjrL_,https://www.instagram.com/p/Db6FSuzjrL_/,"Comenta ""JURADO"" y dejame ayudarte a cambiar tu vida y tu comunicación.👇",@juradonegocios,2026-08-11,75620,7296,76,74,no
136,DabPC3xlxSA,https://www.instagram.com/p/DabPC3xlxSA/,Sígueme en @juradonegocios 👈🏼 para mejorar tu comunicación y oratoria.,@juradonegocios,2026-07-05,73819,3172,37,57,no
137,DXuDLqcDjg0,https://www.instagram.com/p/DXuDLqcDjg0/,Sígueme en @juradonegocios 👈🏼 para mejorar tu comunicación y oratoria.,@juradonegocios,2026-04-29,71550,2539,10,63,no
138,Dayu_0jCakS,https://www.instagram.com/p/Dayu_0jCakS/,Sígueme en @juradonegocios 👈🏼 para mejorar tu comunicación y oratoria.,@juradonegocios,2026-07-15,65737,3834,38,93,no
139,DYkrrNnGpPQ,https://www.instagram.com/p/DYkrrNnGpPQ/,Sígueme en @juradonegocios 👈🏼 para mejorar tu comunicación y oratoria.,@juradonegocios,2026-05-20,58489,2222,4,39,no
140,DavTuX4jpqO,https://www.instagram.com/p/DavTuX4jpqO/,"Comenta ""JURADO"" para darte acceso este 14 de Julio a mi clase en directo y ayudarte a cambiar tu vida y tu comunicación.👇",@juradonegocios,2026-07-13,55868,2438,14,89,no
141,Day8nmwj0FH,https://www.instagram.com/p/Day8nmwj0FH/,Sígueme en @juradonegocios 👈🏼 para mejorar tu comunicación y oratoria.,@juradonegocios,2026-07-15,53171,2649,7,93,no
142,DaYfzsUnEeJ,https://www.instagram.com/p/DaYfzsUnEeJ/,Sígueme en @juradonegocios 👈🏼 para mejorar tu comunicación y oratoria.,@juradonegocios,2026-07-04,52874,2491,33,75,no
143,Dbta0ixFKrH,https://www.instagram.com/p/Dbta0ixFKrH/,"Comenta ""JURADO"" y dejame ayudarte a cambiar tu vida y tu comunicación.👇",@juradonegocios,2026-08-06,51549,2595,48,77,no
144,Db6gjJcCsIN,https://www.instagram.com/p/Db6gjJcCsIN/,"Comenta ""JURADO"" y dejame ayudarte a cambiar tu vida y tu comunicación.👇",@juradonegocios,2026-08-11,51269,3468,28,74,no
145,DYLJZUoEnBN,https://www.instagram.com/p/DYLJZUoEnBN/,Sígueme en @juradonegocios 👈🏼 para mejorar tu comunicación y oratoria.,@juradonegocios,2026-05-10,46206,2173,14,69,no
146,Db8w3QElCVj,https://www.instagram.com/p/Db8w3QElCVj/,"Comenta ""JURADO"" y dejame ayudarte a cambiar tu vida y tu comunicación.👇",@juradonegocios,2026-08-12,45361,1658,34,138,no
147,Db6MBgJD7a0,https://www.instagram.com/p/Db6MBgJD7a0/,"Comenta ""JURADO"" y dejame ayudarte a cambiar tu vida y tu comunicación.👇",@juradonegocios,2026-08-11,40623,3121,19,74,no
148,DYCpwUxuEC_,https://www.instagram.com/p/DYCpwUxuEC_/,Sígueme en 👉🏼 @juradonegocios . Si quieres mejorar tu comunicación y tu oratoria.,@juradonegocios,2026-05-07,38158,4000,9,69,no
149,DaYtiG7FZGG,https://www.instagram.com/p/DaYtiG7FZGG/,Sígueme en @juradonegocios 👈🏼 para mejorar tu comunicación y oratoria.,@juradonegocios,2026-07-04,32472,1801,23,75,no
150,DbtUBtFD_Od,https://www.instagram.com/p/DbtUBtFD_Od/,"Comenta ""JURADO"" y dejame ayudarte a cambiar tu vida y tu comunicación.👇",@juradonegocios,2026-08-06,32426,3102,84,77,no
151,DYLrsFdDkvv,https://www.instagram.com/p/DYLrsFdDkvv/,Sígueme en @juradonegocios 👈🏼 para mejorar tu comunicación y oratoria.,@juradonegocios,2026-05-11,31651,2413,4,69,no
152,DYLBOCGDizb,https://www.instagram.com/p/DYLBOCGDizb/,Sígueme en @juradonegocios 👈🏼 para mejorar tu comunicación y oratoria.,@juradonegocios,2026-05-10,31045,1513,0,69,no
153,DZVw5P8gpEU,https://www.instagram.com/p/DZVw5P8gpEU/,Sígueme en @juradonegocios 👈🏼 para mejorar tu comunicación y oratoria.,@juradonegocios,2026-06-08,30741,2571,121,126,no
154,DavdXrzDU5u,https://www.instagram.com/p/DavdXrzDU5u/,"Comenta ""JURADO"" para darte acceso este 14 de Julio a mi clase en directo y ayudarte a cambiar tu vida y tu comunicación.👇",@juradonegocios,2026-07-13,29952,1130,7,89,no
155,Dbg-Ov-ApAq,https://www.instagram.com/p/Dbg-Ov-ApAq/,"Comenta ""JURADO"" y dejame ayudarte a cambiar tu vida y tu comunicación.👇",@juradonegocios,2026-08-01,28371,892,10,91,no
156,DYk_APbjbFw,https://www.instagram.com/p/DYk_APbjbFw/,Sígueme en @juradonegocios 👈🏼 para mejorar tu comunicación y oratoria.,@juradonegocios,2026-05-20,27786,1612,6,39,no
157,DavrB7dFe30,https://www.instagram.com/p/DavrB7dFe30/,"Comenta ""JURADO"" para darte acceso este 14 de Julio a mi clase en directo y ayudarte a cambiar tu vida y tu comunicación.👇",@juradonegocios,2026-07-13,27444,737,10,89,no
158,DayoFjij9ND,https://www.instagram.com/p/DayoFjij9ND/,Sígueme en @juradonegocios 👈🏼 para mejorar tu comunicación y oratoria.,@juradonegocios,2026-07-14,26998,2111,57,93,no
159,Dbthsv4DJZX,https://www.instagram.com/p/Dbthsv4DJZX/,"Comenta ""JURADO"" y dejame ayudarte a cambiar tu vida y tu comunicación.👇",@juradonegocios,2026-08-06,26493,1392,25,77,no
160,DavkJ-XD_m7,https://www.instagram.com/p/DavkJ-XD_m7/,"Comenta ""JURADO"" para darte acceso este 14 de Julio a mi clase en directo y ayudarte a cambiar tu vida y tu comunicación.👇",@juradonegocios,2026-07-13,25232,1055,33,89,no
161,DaYY8jWFxw8,https://www.instagram.com/p/DaYY8jWFxw8/,Sígueme en @juradonegocios 👈🏼 para mejorar tu comunicación y oratoria.,@juradonegocios,2026-07-04,24962,2119,40,75,no
162,DY3AeNKDA9R,https://www.instagram.com/p/DY3AeNKDA9R/,Sígueme en @juradonegocios 👈🏼 para mejorar tu comunicación y oratoria.,@juradonegocios,2026-05-27,24909,1790,2,28,no
163,DazDXcakj3m,https://www.instagram.com/p/DazDXcakj3m/,Sígueme en @juradonegocios 👈🏼 para mejorar tu comunicación y oratoria.,@juradonegocios,2026-07-15,22827,1205,26,93,no
164,Db9PbMRDjty,https://www.instagram.com/p/Db9PbMRDjty/,"Comenta ""JURADO"" y dejame ayudarte a cambiar tu vida y tu comunicación.👇",@juradonegocios,2026-08-12,22737,1619,21,138,no
165,Db_cftSkQHm,https://www.instagram.com/p/Db_cftSkQHm/,"Comenta ""JURADO"" y dejame ayudarte a cambiar tu vida y tu comunicación.👇",@juradonegocios,2026-08-13,22003,1122,13,89,no
166,DbMUT70IDv6,https://www.instagram.com/p/DbMUT70IDv6/,"Comenta ""JURADO"" y dejame ayudarte a cambiar tu vida y tu comunicación.👇",@juradonegocios,2026-07-24,21896,1463,11,64,no
167,DZVmuvNgUma,https://www.instagram.com/p/DZVmuvNgUma/,Sígueme en @juradonegocios 👈🏼 para mejorar tu comunicación y oratoria.,@juradonegocios,2026-06-08,18696,1516,78,126,no
168,Da0ttdJDBjD,https://www.instagram.com/p/Da0ttdJDBjD/,Sígueme en @juradonegocios 👈🏼 para mejorar tu comunicación y oratoria.,@juradonegocios,2026-07-15,18146,797,8,145,no
169,Dabty1xgDcQ,https://www.instagram.com/p/Dabty1xgDcQ/,Sígueme en @juradonegocios 👈🏼 para mejorar tu comunicación y oratoria.,@juradonegocios,2026-07-06,16470,1820,10,57,no
170,DYlF05AkhhQ,https://www.instagram.com/p/DYlF05AkhhQ/,Sígueme en @juradonegocios 👈🏼 para mejorar tu comunicación y oratoria.,@juradonegocios,2026-05-20,16311,887,1,39,no
171,DYk1yEACofg,https://www.instagram.com/p/DYk1yEACofg/,Sígueme en @juradonegocios 👈🏼 para mejorar tu comunicación y oratoria.,@juradonegocios,2026-05-20,15759,876,0,39,no
172,Db8-egSjnbw,https://www.instagram.com/p/Db8-egSjnbw/,"Comenta ""JURADO"" y dejame ayudarte a cambiar tu vida y tu comunicación.👇",@juradonegocios,2026-08-12,15107,885,14,138,no
173,DbMNckIgaYX,https://www.instagram.com/p/DbMNckIgaYX/,"Comenta ""JURADO"" y dejame ayudarte a cambiar tu vida y tu comunicación.👇",@juradonegocios,2026-07-24,14357,539,1,64,no
174,Da00lHjgVbW,https://www.instagram.com/p/Da00lHjgVbW/,Sígueme en @juradonegocios 👈🏼 para mejorar tu comunicación y oratoria.,@juradonegocios,2026-07-15,13611,407,5,145,no
175,Db6ZmQkD5yW,https://www.instagram.com/p/Db6ZmQkD5yW/,"Comenta ""JURADO"" y dejame ayudarte a cambiar tu vida y tu comunicación.👇",@juradonegocios,2026-08-11,13469,1600,21,74,no
176,Db_w7KOiAAo,https://www.instagram.com/p/Db_w7KOiAAo/,"Comenta ""JURADO"" y dejame ayudarte a cambiar tu vida y tu comunicación.👇",@juradonegocios,2026-08-13,12730,560,0,89,no
177,DbhFHA-gV05,https://www.instagram.com/p/DbhFHA-gV05/,"Comenta ""JURADO"" y dejame ayudarte a cambiar tu vida y tu comunicación.👇",@juradonegocios,2026-08-02,11878,626,8,91,no
178,Da1JKFODabL,https://www.instagram.com/p/Da1JKFODabL/,Sígueme en @juradonegocios 👈🏼 para mejorar tu comunicación y oratoria.,@juradonegocios,2026-07-15,11348,319,1,145,no
179,DbhSz2lDBqC,https://www.instagram.com/p/DbhSz2lDBqC/,"Comenta ""JURADO"" y dejame ayudarte a cambiar tu vida y tu comunicación.👇",@juradonegocios,2026-08-02,10660,599,20,91,no
180,DbhL9SYjdXC,https://www.instagram.com/p/DbhL9SYjdXC/,"Comenta ""JURADO"" y dejame ayudarte a cambiar tu vida y tu comunicación.👇",@juradonegocios,2026-08-02,10279,319,0,91,no
181,Da07bc0EUmi,https://www.instagram.com/p/Da07bc0EUmi/,Sígueme en @juradonegocios 👈🏼 para mejorar tu comunicación y oratoria.,@juradonegocios,2026-07-15,9265,369,2,145,no
182,DYGJ9EpEkrw,https://www.instagram.com/p/DYGJ9EpEkrw/,Sígueme en @juradonegocios 👈🏼 para mejorar tu comunicación y oratoria.,@juradonegocios,2026-05-08,9068,486,0,84,no
183,Db9FYRyDXiC,https://www.instagram.com/p/Db9FYRyDXiC/,"Comenta ""JURADO"" y dejame ayudarte a cambiar tu vida y tu comunicación.👇",@juradonegocios,2026-08-12,8642,284,0,138,no
184,Db_Vrv1ApaD,https://www.instagram.com/p/Db_Vrv1ApaD/,"Comenta ""JURADO"" y dejame ayudarte a cambiar tu vida y tu comunicación.👇",@juradonegocios,2026-08-13,8389,516,1,89,no
185,DYGiJQsE4JL,https://www.instagram.com/p/DYGiJQsE4JL/,Sígueme en @juradonegocios 👈🏼 para mejorar tu comunicación y oratoria.,@juradonegocios,2026-05-09,7874,313,4,65,no
186,DYfo7rIDzAe,https://www.instagram.com/p/DYfo7rIDzAe/,Sígueme en @juradonegocios 👈🏼 para mejorar tu comunicación y oratoria.,@juradonegocios,2026-05-18,7826,520,0,68,no
187,DbMbNVgDW-q,https://www.instagram.com/p/DbMbNVgDW-q/,"Comenta ""JURADO"" y dejame ayudarte a cambiar tu vida y tu comunicación.👇",@juradonegocios,2026-07-24,7150,437,0,64,no
188,Da1CStQlM9n,https://www.instagram.com/p/Da1CStQlM9n/,Sígueme en @juradonegocios 👈🏼 para mejorar tu comunicación y oratoria.,@juradonegocios,2026-07-15,6108,153,1,145,no
189,Db6S4u9jwRx,https://www.instagram.com/p/Db6S4u9jwRx/,"Comenta ""JURADO"" y dejame ayudarte a cambiar tu vida y tu comunicación.👇",@juradonegocios,2026-08-11,6057,310,11,69,no
190,Db_qJsBk0bf,https://www.instagram.com/p/Db_qJsBk0bf/,"Comenta ""JURADO"" y dejame ayudarte a cambiar tu vida y tu comunicación.👇",@juradonegocios,2026-08-13,5869,223,0,89,no
191,DYF_241DpPU,https://www.instagram.com/p/DYF_241DpPU/,Sígueme en @juradonegocios 👈🏼 para mejorar tu comunicación y oratoria.,@juradonegocios,2026-05-08,5511,269,1,84,no
192,DZYm_ojiaX-,https://www.instagram.com/p/DZYm_ojiaX-/,Sígueme en @juradonegocios 👈🏼 para mejorar tu comunicación y oratoria.,@juradonegocios,2026-06-10,5289,259,1,59,no
193,DYlMv4aj3No,https://www.instagram.com/p/DYlMv4aj3No/,Sígueme en @juradonegocios 👈🏼 para mejorar tu comunicación y oratoria.,@juradonegocios,2026-05-21,4927,221,0,39,no
194,Db_jS6GgHBl,https://www.instagram.com/p/Db_jS6GgHBl/,"Comenta ""JURADO"" y dejame ayudarte a cambiar tu vida y tu comunicación.👇",@juradonegocios,2026-08-13,4650,235,0,89,no
195,DYf56d0jV-u,https://www.instagram.com/p/DYf56d0jV-u/,Sígueme en @juradonegocios 👈🏼 para mejorar tu comunicación y oratoria.,@juradonegocios,2026-05-18,4155,192,2,68,no
196,DYLTigoADBU,https://www.instagram.com/p/DYLTigoADBU/,Sígueme en @juradonegocios 👈🏼 para mejorar tu comunicación y oratoria.,@juradonegocios,2026-05-10,3741,152,0,69,no
197,DZWFfKqgRz3,https://www.instagram.com/p/DZWFfKqgRz3/,Sígueme en @juradonegocios 👈🏼 para mejorar tu comunicación y oratoria.,@juradonegocios,2026-06-09,3622,295,0,126,no
198,DZYZSg5j-TA,https://www.instagram.com/p/DZYZSg5j-TA/,Sígueme en @juradonegocios 👈🏼 para mejorar tu comunicación y oratoria.,@juradonegocios,2026-06-09,3572,149,0,59,no
199,DZYt0J5DEuE,https://www.instagram.com/p/DZYt0J5DEuE/,Sígueme en @juradonegocios 👈🏼 para mejorar tu comunicación y oratoria.,@juradonegocios,2026-06-10,3161,112,0,59,no
200,DZYSaBMCfOd,https://www.instagram.com/p/DZYSaBMCfOd/,Sígueme en @juradonegocios 👈🏼 para mejorar tu comunicación y oratoria.,@juradonegocios,2026-06-09,2168,102,1,59,no
